variant,suite,image,kernel,label,blockX,blockY,gridX,gridY,impl,total_s,cuda_all_s,cuda_kernel_s,read_s,copy_s,kernel_read_s,store_s,log_file;;;;;;;;;
sharedbytes,comparison,im01,5x5,2p4t,2,4,146,80,shared,0.092159,0.001763,0.000159,0.006051,0.000013,0.000034,0.013032,cuda_shared_vs_global_results_20260605_161550_k25fixed_20260605_174455/logs_comparison/sharedbytes_comparison_im01_k5_2p4t_b2x4_g146x80.log;;;;;;;;;
sharedbytes,comparison,im01,5x5,4p4t,4,4,73,80,shared,0.083175,0.001668,0.000092,0.005951,0.000009,0.000033,0.013047,cuda_shared_vs_global_results_20260605_161550_k25fixed_20260605_174455/logs_comparison/sharedbytes_comparison_im01_k5_4p4t_b4x4_g73x80.log;;;;;;;;;
sharedbytes,comparison,im01,5x5,6p4t,6,4,49,80,shared,0.080858,0.001655,0.000078,0.005947,0.000009,0.000032,0.013015,cuda_shared_vs_global_results_20260605_161550_k25fixed_20260605_174455/logs_comparison/sharedbytes_comparison_im01_k5_6p4t_b6x4_g49x80.log;;;;;;;;;
sharedbytes,comparison,im01,5x5,8p4t,8,4,37,80,shared,0.079681,0.001651,0.000064,0.005978,0.000008,0.000033,0.013027,cuda_shared_vs_global_results_20260605_161550_k25fixed_20260605_174455/logs_comparison/sharedbytes_comparison_im01_k5_8p4t_b8x4_g37x80.log;;;;;;;;;
sharedbytes,comparison,im01,25x25,2p4t,2,4,146,80,shared,0.090608,0.002981,0.001395,0.005965,0.000009,0.000111,0.015005,cuda_shared_vs_global_results_20260605_161550_k25fixed_20260605_174455/logs_comparison/sharedbytes_comparison_im01_k25_2p4t_b2x4_g146x80.log;;;;;;;;;
sharedbytes,comparison,im01,25x25,4p4t,4,4,73,80,shared,0.086451,0.002246,0.000678,0.005933,0.000011,0.000120,0.014989,cuda_shared_vs_global_results_20260605_161550_k25fixed_20260605_174455/logs_comparison/sharedbytes_comparison_im01_k25_4p4t_b4x4_g73x80.log;;;;;;;;;
sharedbytes,comparison,im01,25x25,6p4t,6,4,49,80,shared,0.085705,0.002031,0.000477,0.005935,0.000011,0.000105,0.014942,cuda_shared_vs_global_results_20260605_161550_k25fixed_20260605_174455/logs_comparison/sharedbytes_comparison_im01_k25_6p4t_b6x4_g49x80.log;;;;;;;;;
sharedbytes,comparison,im01,25x25,8p4t,8,4,37,80,shared,0.082423,0.002019,0.000412,0.006163,0.000015,0.000111,0.014980,cuda_shared_vs_global_results_20260605_161550_k25fixed_20260605_174455/logs_comparison/sharedbytes_comparison_im01_k25_8p4t_b8x4_g37x80.log;;;;;;;;;
sharedbytes,comparison,im01,49x49,2p4t,2,4,146,80,shared,0.091293,0.010752,0.009157,0.005938,0.000009,0.000316,0.015552,cuda_shared_vs_global_results_20260605_161550_k25fixed_20260605_174455/logs_comparison/sharedbytes_comparison_im01_k49_2p4t_b2x4_g146x80.log;;;;;;;;;
sharedbytes,comparison,im01,49x49,4p4t,4,4,73,80,shared,0.086843,0.005721,0.004134,0.005952,0.000013,0.000338,0.015602,cuda_shared_vs_global_results_20260605_161550_k25fixed_20260605_174455/logs_comparison/sharedbytes_comparison_im01_k49_4p4t_b4x4_g73x80.log;;;;;;;;;
sharedbytes,comparison,im01,49x49,6p4t,6,4,49,80,shared,0.088019,0.004206,0.002593,0.005922,0.000013,0.000348,0.016073,cuda_shared_vs_global_results_20260605_161550_k25fixed_20260605_174455/logs_comparison/sharedbytes_comparison_im01_k49_6p4t_b6x4_g49x80.log;;;;;;;;;
sharedbytes,comparison,im01,49x49,8p4t,8,4,37,80,shared,0.090996,0.003443,0.001834,0.006084,0.000021,0.000340,0.015714,cuda_shared_vs_global_results_20260605_161550_k25fixed_20260605_174455/logs_comparison/sharedbytes_comparison_im01_k49_8p4t_b8x4_g37x80.log;;;;;;;;;
sharedbytes,comparison,im01,99x99,2p4t,2,4,146,80,shared,0.228090,0.138755,0.137170,0.006092,0.000011,0.001278,0.017378,cuda_shared_vs_global_results_20260605_161550_k25fixed_20260605_174455/logs_comparison/sharedbytes_comparison_im01_k99_2p4t_b2x4_g146x80.log;;;;;;;;;
sharedbytes,comparison,im01,99x99,4p4t,4,4,73,80,shared,0.139920,0.057518,0.055922,0.006054,0.000013,0.001267,0.016687,cuda_shared_vs_global_results_20260605_161550_k25fixed_20260605_174455/logs_comparison/sharedbytes_comparison_im01_k99_4p4t_b4x4_g73x80.log;;;;;;;;;
sharedbytes,comparison,im01,99x99,6p4t,6,4,49,80,shared,0.120272,0.035495,0.033887,0.006027,0.000024,0.001281,0.016656,cuda_shared_vs_global_results_20260605_161550_k25fixed_20260605_174455/logs_comparison/sharedbytes_comparison_im01_k99_6p4t_b6x4_g49x80.log;;;;;;;;;
sharedbytes,comparison,im01,99x99,8p4t,8,4,37,80,shared,0.113198,0.026180,0.024584,0.006035,0.000011,0.001309,0.016646,cuda_shared_vs_global_results_20260605_161550_k25fixed_20260605_174455/logs_comparison/sharedbytes_comparison_im01_k99_8p4t_b8x4_g37x80.log;;;;;;;;;
sharedbytes,comparison,im02,5x5,2p4t,2,4,300,100,shared,0.112155,0.003643,0.000285,0.013347,0.000011,0.000032,0.032204,cuda_shared_vs_global_results_20260605_161550_k25fixed_20260605_174455/logs_comparison/sharedbytes_comparison_im02_k5_2p4t_b2x4_g300x100.log;;;;;;;;;
sharedbytes,comparison,im02,5x5,4p4t,4,4,150,100,shared,0.115152,0.003612,0.000177,0.013405,0.000011,0.000041,0.032332,cuda_shared_vs_global_results_20260605_161550_k25fixed_20260605_174455/logs_comparison/sharedbytes_comparison_im02_k5_4p4t_b4x4_g150x100.log;;;;;;;;;
sharedbytes,comparison,im02,5x5,6p4t,6,4,100,100,shared,0.115484,0.003630,0.000123,0.013191,0.000010,0.000032,0.032492,cuda_shared_vs_global_results_20260605_161550_k25fixed_20260605_174455/logs_comparison/sharedbytes_comparison_im02_k5_6p4t_b6x4_g100x100.log;;;;;;;;;
sharedbytes,comparison,im02,5x5,8p4t,8,4,75,100,shared,0.110800,0.003634,0.000101,0.013229,0.000011,0.000034,0.032392,cuda_shared_vs_global_results_20260605_161550_k25fixed_20260605_174455/logs_comparison/sharedbytes_comparison_im02_k5_8p4t_b8x4_g75x100.log;;;;;;;;;
sharedbytes,comparison,im02,25x25,2p4t,2,4,300,100,shared,0.119691,0.006676,0.003366,0.013427,0.000011,0.000110,0.035836,cuda_shared_vs_global_results_20260605_161550_k25fixed_20260605_174455/logs_comparison/sharedbytes_comparison_im02_k25_2p4t_b2x4_g300x100.log;;;;;;;;;
sharedbytes,comparison,im02,25x25,4p4t,4,4,150,100,shared,0.113256,0.004978,0.001549,0.013213,0.000021,0.000113,0.035855,cuda_shared_vs_global_results_20260605_161550_k25fixed_20260605_174455/logs_comparison/sharedbytes_comparison_im02_k25_4p4t_b4x4_g150x100.log;;;;;;;;;
sharedbytes,comparison,im02,25x25,6p4t,6,4,100,100,shared,0.117160,0.004516,0.001044,0.013375,0.000009,0.000112,0.035758,cuda_shared_vs_global_results_20260605_161550_k25fixed_20260605_174455/logs_comparison/sharedbytes_comparison_im02_k25_6p4t_b6x4_g100x100.log;;;;;;;;;
sharedbytes,comparison,im02,25x25,8p4t,8,4,75,100,shared,0.114588,0.004344,0.000914,0.013493,0.000009,0.000110,0.035828,cuda_shared_vs_global_results_20260605_161550_k25fixed_20260605_174455/logs_comparison/sharedbytes_comparison_im02_k25_8p4t_b8x4_g75x100.log;;;;;;;;;
sharedbytes,comparison,im02,49x49,2p4t,2,4,300,100,shared,0.133909,0.025332,0.021916,0.013393,0.000009,0.000340,0.035891,cuda_shared_vs_global_results_20260605_161550_k25fixed_20260605_174455/logs_comparison/sharedbytes_comparison_im02_k49_2p4t_b2x4_g300x100.log;;;;;;;;;
sharedbytes,comparison,im02,49x49,4p4t,4,4,150,100,shared,0.126523,0.012984,0.009653,0.013414,0.000012,0.000345,0.036043,cuda_shared_vs_global_results_20260605_161550_k25fixed_20260605_174455/logs_comparison/sharedbytes_comparison_im02_k49_4p4t_b4x4_g150x100.log;;;;;;;;;
sharedbytes,comparison,im02,49x49,6p4t,6,4,100,100,shared,0.122224,0.009684,0.006216,0.013146,0.000010,0.000322,0.035948,cuda_shared_vs_global_results_20260605_161550_k25fixed_20260605_174455/logs_comparison/sharedbytes_comparison_im02_k49_6p4t_b6x4_g100x100.log;;;;;;;;;
sharedbytes,comparison,im02,49x49,8p4t,8,4,75,100,shared,0.117547,0.007925,0.004569,0.013363,0.000011,0.000339,0.035917,cuda_shared_vs_global_results_20260605_161550_k25fixed_20260605_174455/logs_comparison/sharedbytes_comparison_im02_k49_8p4t_b8x4_g75x100.log;;;;;;;;;
sharedbytes,comparison,im02,99x99,2p4t,2,4,300,100,shared,0.445041,0.333565,0.329947,0.013406,0.000011,0.001265,0.037566,cuda_shared_vs_global_results_20260605_161550_k25fixed_20260605_174455/logs_comparison/sharedbytes_comparison_im02_k99_2p4t_b2x4_g300x100.log;;;;;;;;;
sharedbytes,comparison,im02,99x99,4p4t,4,4,150,100,shared,0.238561,0.127361,0.123877,0.013388,0.000011,0.001283,0.037156,cuda_shared_vs_global_results_20260605_161550_k25fixed_20260605_174455/logs_comparison/sharedbytes_comparison_im02_k99_4p4t_b4x4_g150x100.log;;;;;;;;;
sharedbytes,comparison,im02,99x99,6p4t,6,4,100,100,shared,0.198318,0.082537,0.079055,0.013333,0.000011,0.001240,0.037462,cuda_shared_vs_global_results_20260605_161550_k25fixed_20260605_174455/logs_comparison/sharedbytes_comparison_im02_k99_6p4t_b6x4_g100x100.log;;;;;;;;;
sharedbytes,comparison,im02,99x99,8p4t,8,4,75,100,shared,0.174061,0.061910,0.058593,0.013315,0.000010,0.001237,0.037273,cuda_shared_vs_global_results_20260605_161550_k25fixed_20260605_174455/logs_comparison/sharedbytes_comparison_im02_k99_8p4t_b8x4_g75x100.log;;;;;;;;;
sharedbytes,comparison,im03,5x5,2p4t,2,4,400,150,shared,0.164184,0.006908,0.000524,0.029962,0.000010,0.000032,0.067572,cuda_shared_vs_global_results_20260605_161550_k25fixed_20260605_174455/logs_comparison/sharedbytes_comparison_im03_k5_2p4t_b2x4_g400x150.log;;;;;;;;;
sharedbytes,comparison,im03,5x5,4p4t,4,4,200,150,shared,0.163278,0.006828,0.000261,0.029724,0.000013,0.000032,0.067501,cuda_shared_vs_global_results_20260605_161550_k25fixed_20260605_174455/logs_comparison/sharedbytes_comparison_im03_k5_4p4t_b4x4_g200x150.log;;;;;;;;;
sharedbytes,comparison,im03,5x5,6p4t,6,4,134,150,shared,0.166798,0.006779,0.000190,0.029853,0.000019,0.000043,0.067571,cuda_shared_vs_global_results_20260605_161550_k25fixed_20260605_174455/logs_comparison/sharedbytes_comparison_im03_k5_6p4t_b6x4_g134x150.log;;;;;;;;;
sharedbytes,comparison,im03,5x5,8p4t,8,4,100,150,shared,0.162758,0.006663,0.000177,0.029627,0.000012,0.000033,0.067600,cuda_shared_vs_global_results_20260605_161550_k25fixed_20260605_174455/logs_comparison/sharedbytes_comparison_im03_k5_8p4t_b8x4_g100x150.log;;;;;;;;;
sharedbytes,comparison,im03,25x25,2p4t,2,4,400,150,shared,0.176108,0.013132,0.006726,0.029576,0.000013,0.000105,0.074169,cuda_shared_vs_global_results_20260605_161550_k25fixed_20260605_174455/logs_comparison/sharedbytes_comparison_im03_k25_2p4t_b2x4_g400x150.log;;;;;;;;;
sharedbytes,comparison,im03,25x25,4p4t,4,4,200,150,shared,0.172932,0.009598,0.003078,0.029965,0.000011,0.000110,0.074311,cuda_shared_vs_global_results_20260605_161550_k25fixed_20260605_174455/logs_comparison/sharedbytes_comparison_im03_k25_4p4t_b4x4_g200x150.log;;;;;;;;;
sharedbytes,comparison,im03,25x25,6p4t,6,4,134,150,shared,0.171195,0.008549,0.002050,0.029889,0.000010,0.000109,0.074005,cuda_shared_vs_global_results_20260605_161550_k25fixed_20260605_174455/logs_comparison/sharedbytes_comparison_im03_k25_6p4t_b6x4_g134x150.log;;;;;;;;;
sharedbytes,comparison,im03,25x25,8p4t,8,4,100,150,shared,0.176744,0.008246,0.001785,0.029983,0.000011,0.000108,0.074420,cuda_shared_vs_global_results_20260605_161550_k25fixed_20260605_174455/logs_comparison/sharedbytes_comparison_im03_k25_8p4t_b8x4_g100x150.log;;;;;;;;;
sharedbytes,comparison,im03,49x49,2p4t,2,4,400,150,shared,0.215674,0.050359,0.043754,0.029820,0.000014,0.000332,0.075280,cuda_shared_vs_global_results_20260605_161550_k25fixed_20260605_174455/logs_comparison/sharedbytes_comparison_im03_k49_2p4t_b2x4_g400x150.log;;;;;;;;;
sharedbytes,comparison,im03,49x49,4p4t,4,4,200,150,shared,0.194235,0.025776,0.019288,0.029965,0.000010,0.000342,0.074998,cuda_shared_vs_global_results_20260605_161550_k25fixed_20260605_174455/logs_comparison/sharedbytes_comparison_im03_k49_4p4t_b4x4_g200x150.log;;;;;;;;;
sharedbytes,comparison,im03,49x49,6p4t,6,4,134,150,shared,0.185650,0.018918,0.012418,0.029981,0.000011,0.000332,0.074983,cuda_shared_vs_global_results_20260605_161550_k25fixed_20260605_174455/logs_comparison/sharedbytes_comparison_im03_k49_6p4t_b6x4_g134x150.log;;;;;;;;;
sharedbytes,comparison,im03,49x49,8p4t,8,4,100,150,shared,0.184860,0.015659,0.009066,0.030179,0.000010,0.000318,0.075154,cuda_shared_vs_global_results_20260605_161550_k25fixed_20260605_174455/logs_comparison/sharedbytes_comparison_im03_k49_8p4t_b8x4_g100x150.log;;;;;;;;;
sharedbytes,comparison,im03,99x99,2p4t,2,4,400,150,shared,0.763837,0.595896,0.589442,0.029706,0.000013,0.001240,0.074726,cuda_shared_vs_global_results_20260605_161550_k25fixed_20260605_174455/logs_comparison/sharedbytes_comparison_im03_k99_2p4t_b2x4_g400x150.log;;;;;;;;;
sharedbytes,comparison,im03,99x99,4p4t,4,4,200,150,shared,0.426171,0.256477,0.250074,0.029656,0.000012,0.001198,0.075109,cuda_shared_vs_global_results_20260605_161550_k25fixed_20260605_174455/logs_comparison/sharedbytes_comparison_im03_k99_4p4t_b4x4_g200x150.log;;;;;;;;;
sharedbytes,comparison,im03,99x99,6p4t,6,4,134,150,shared,0.334552,0.166210,0.159760,0.029805,0.000012,0.001246,0.074855,cuda_shared_vs_global_results_20260605_161550_k25fixed_20260605_174455/logs_comparison/sharedbytes_comparison_im03_k99_6p4t_b6x4_g134x150.log;;;;;;;;;
sharedbytes,comparison,im03,99x99,8p4t,8,4,100,150,shared,0.288958,0.124376,0.117934,0.029785,0.000011,0.001277,0.074845,cuda_shared_vs_global_results_20260605_161550_k25fixed_20260605_174455/logs_comparison/sharedbytes_comparison_im03_k99_8p4t_b8x4_g100x150.log;;;;;;;;;
sharedbytes,comparison,im04,5x5,2p4t,2,4,3000,1000,shared,4.707777,0.210597,0.030812,1.220993,0.000018,0.000032,3.217748,cuda_shared_vs_global_results_20260605_161550_k25fixed_20260605_174455/logs_comparison/sharedbytes_comparison_im04_k5_2p4t_b2x4_g3000x1000.log;;;;;;;;;
sharedbytes,comparison,im04,5x5,4p4t,4,4,1500,1000,shared,4.688575,0.193533,0.014553,1.220527,0.000011,0.000031,3.215371,cuda_shared_vs_global_results_20260605_161550_k25fixed_20260605_174455/logs_comparison/sharedbytes_comparison_im04_k5_4p4t_b4x4_g1500x1000.log;;;;;;;;;
sharedbytes,comparison,im04,5x5,6p4t,6,4,1000,1000,shared,4.684193,0.189016,0.009902,1.221107,0.000015,0.000033,3.215463,cuda_shared_vs_global_results_20260605_161550_k25fixed_20260605_174455/logs_comparison/sharedbytes_comparison_im04_k5_6p4t_b6x4_g1000x1000.log;;;;;;;;;
sharedbytes,comparison,im04,5x5,8p4t,8,4,750,1000,shared,4.690021,0.188454,0.007877,1.223783,0.000012,0.000033,3.217418,cuda_shared_vs_global_results_20260605_161550_k25fixed_20260605_174455/logs_comparison/sharedbytes_comparison_im04_k5_8p4t_b8x4_g750x1000.log;;;;;;;;;
sharedbytes,comparison,im04,25x25,2p4t,2,4,3000,1000,shared,5.308604,0.506625,0.327497,1.231050,0.000011,0.000110,3.511512,cuda_shared_vs_global_results_20260605_161550_k25fixed_20260605_174455/logs_comparison/sharedbytes_comparison_im04_k25_2p4t_b2x4_g3000x1000.log;;;;;;;;;
sharedbytes,comparison,im04,25x25,4p4t,4,4,1500,1000,shared,5.131760,0.330863,0.151271,1.233779,0.000011,0.000115,3.504429,cuda_shared_vs_global_results_20260605_161550_k25fixed_20260605_174455/logs_comparison/sharedbytes_comparison_im04_k25_4p4t_b4x4_g1500x1000.log;;;;;;;;;
sharedbytes,comparison,im04,25x25,6p4t,6,4,1000,1000,shared,5.073095,0.277669,0.098652,1.219220,0.000012,0.000119,3.512607,cuda_shared_vs_global_results_20260605_161550_k25fixed_20260605_174455/logs_comparison/sharedbytes_comparison_im04_k25_6p4t_b6x4_g1000x1000.log;;;;;;;;;
sharedbytes,comparison,im04,25x25,8p4t,8,4,750,1000,shared,5.071372,0.260564,0.083322,1.232618,0.000012,0.000117,3.514547,cuda_shared_vs_global_results_20260605_161550_k25fixed_20260605_174455/logs_comparison/sharedbytes_comparison_im04_k25_8p4t_b8x4_g750x1000.log;;;;;;;;;
sharedbytes,comparison,im04,49x49,2p4t,2,4,3000,1000,shared,6.722382,2.016286,1.833521,1.224028,0.000011,0.000333,3.419102,cuda_shared_vs_global_results_20260605_161550_k25fixed_20260605_174455/logs_comparison/sharedbytes_comparison_im04_k49_2p4t_b2x4_g3000x1000.log;;;;;;;;;
sharedbytes,comparison,im04,49x49,4p4t,4,4,1500,1000,shared,5.709819,0.994238,0.815472,1.234415,0.000011,0.000325,3.420361,cuda_shared_vs_global_results_20260605_161550_k25fixed_20260605_174455/logs_comparison/sharedbytes_comparison_im04_k49_4p4t_b4x4_g1500x1000.log;;;;;;;;;
sharedbytes,comparison,im04,49x49,6p4t,6,4,1000,1000,shared,5.451544,0.729802,0.548457,1.236527,0.000013,0.000332,3.420068,cuda_shared_vs_global_results_20260605_161550_k25fixed_20260605_174455/logs_comparison/sharedbytes_comparison_im04_k49_6p4t_b6x4_g1000x1000.log;;;;;;;;;
sharedbytes,comparison,im04,49x49,8p4t,8,4,750,1000,shared,5.267829,0.564906,0.385443,1.221750,0.000011,0.000335,3.421966,cuda_shared_vs_global_results_20260605_161550_k25fixed_20260605_174455/logs_comparison/sharedbytes_comparison_im04_k49_8p4t_b8x4_g750x1000.log;;;;;;;;;
sharedbytes,comparison,im04,99x99,2p4t,2,4,3000,1000,shared,33.347959,28.488875,28.309930,1.235699,0.000012,0.001280,3.562028,cuda_shared_vs_global_results_20260605_161550_k25fixed_20260605_174455/logs_comparison/sharedbytes_comparison_im04_k99_2p4t_b2x4_g3000x1000.log;;;;;;;;;
sharedbytes,comparison,im04,99x99,4p4t,4,4,1500,1000,shared,17.644724,12.783522,12.602903,1.232136,0.000014,0.001256,3.569094,cuda_shared_vs_global_results_20260605_161550_k25fixed_20260605_174455/logs_comparison/sharedbytes_comparison_im04_k99_4p4t_b4x4_g1500x1000.log;;;;;;;;;
sharedbytes,comparison,im04,99x99,6p4t,6,4,1000,1000,shared,13.075222,8.213607,8.034309,1.235661,0.000012,0.001246,3.565553,cuda_shared_vs_global_results_20260605_161550_k25fixed_20260605_174455/logs_comparison/sharedbytes_comparison_im04_k99_6p4t_b6x4_g1000x1000.log;;;;;;;;;
sharedbytes,comparison,im04,99x99,8p4t,8,4,750,1000,shared,11.007826,6.148423,5.966682,1.226292,0.000015,0.001253,3.568718,cuda_shared_vs_global_results_20260605_161550_k25fixed_20260605_174455/logs_comparison/sharedbytes_comparison_im04_k99_8p4t_b8x4_g750x1000.log;;;;;;;;;
sharedbytes,comparison,im05,5x5,2p4t,2,4,6000,2000,shared,18.658448,0.826847,0.120473,4.889727,0.000013,0.000033,12.881892,cuda_shared_vs_global_results_20260605_161550_k25fixed_20260605_174455/logs_comparison/sharedbytes_comparison_im05_k5_2p4t_b2x4_g6000x2000.log;;;;;;;;;
sharedbytes,comparison,im05,5x5,4p4t,4,4,3000,2000,shared,18.576450,0.768016,0.058244,4.888129,0.000013,0.000041,12.856846,cuda_shared_vs_global_results_20260605_161550_k25fixed_20260605_174455/logs_comparison/sharedbytes_comparison_im05_k5_4p4t_b4x4_g3000x2000.log;;;;;;;;;
sharedbytes,comparison,im05,5x5,6p4t,6,4,2000,2000,shared,18.555500,0.747351,0.039507,4.887588,0.000012,0.000033,12.857918,cuda_shared_vs_global_results_20260605_161550_k25fixed_20260605_174455/logs_comparison/sharedbytes_comparison_im05_k5_6p4t_b6x4_g2000x2000.log;;;;;;;;;
sharedbytes,comparison,im05,5x5,8p4t,8,4,1500,2000,shared,18.576453,0.738078,0.030836,4.890118,0.000012,0.000031,12.884681,cuda_shared_vs_global_results_20260605_161550_k25fixed_20260605_174455/logs_comparison/sharedbytes_comparison_im05_k5_8p4t_b8x4_g1500x2000.log;;;;;;;;;
sharedbytes,comparison,im05,25x25,2p4t,2,4,6000,2000,shared,20.813409,1.845040,1.145716,4.885441,0.000012,0.000111,14.018948,cuda_shared_vs_global_results_20260605_161550_k25fixed_20260605_174455/logs_comparison/sharedbytes_comparison_im05_k25_2p4t_b2x4_g6000x2000.log;;;;;;;;;
sharedbytes,comparison,im05,25x25,4p4t,4,4,3000,2000,shared,20.189692,1.230695,0.531250,4.885240,0.000013,0.000112,14.014423,cuda_shared_vs_global_results_20260605_161550_k25fixed_20260605_174455/logs_comparison/sharedbytes_comparison_im05_k25_4p4t_b4x4_g3000x2000.log;;;;;;;;;
sharedbytes,comparison,im05,25x25,6p4t,6,4,2000,2000,shared,20.106492,1.066564,0.372939,4.926691,0.000012,0.000110,14.054459,cuda_shared_vs_global_results_20260605_161550_k25fixed_20260605_174455/logs_comparison/sharedbytes_comparison_im05_k25_6p4t_b6x4_g2000x2000.log;;;;;;;;;
sharedbytes,comparison,im05,25x25,8p4t,8,4,1500,2000,shared,20.037970,1.007585,0.304304,4.930551,0.000012,0.000111,14.039253,cuda_shared_vs_global_results_20260605_161550_k25fixed_20260605_174455/logs_comparison/sharedbytes_comparison_im05_k25_8p4t_b8x4_g1500x2000.log;;;;;;;;;
sharedbytes,comparison,im05,49x49,2p4t,2,4,6000,2000,shared,26.554690,8.007502,7.316375,4.877176,0.000012,0.000332,13.605786,cuda_shared_vs_global_results_20260605_161550_k25fixed_20260605_174455/logs_comparison/sharedbytes_comparison_im05_k49_2p4t_b2x4_g6000x2000.log;;;;;;;;;
sharedbytes,comparison,im05,49x49,4p4t,4,4,3000,2000,shared,22.422714,3.870745,3.175747,4.881360,0.000012,0.000334,13.606460,cuda_shared_vs_global_results_20260605_161550_k25fixed_20260605_174455/logs_comparison/sharedbytes_comparison_im05_k49_4p4t_b4x4_g3000x2000.log;;;;;;;;;
sharedbytes,comparison,im05,49x49,6p4t,6,4,2000,2000,shared,21.282979,2.740441,2.045295,4.876167,0.000012,0.000344,13.602126,cuda_shared_vs_global_results_20260605_161550_k25fixed_20260605_174455/logs_comparison/sharedbytes_comparison_im05_k49_6p4t_b6x4_g2000x2000.log;;;;;;;;;
sharedbytes,comparison,im05,49x49,8p4t,8,4,1500,2000,shared,20.729048,2.182691,1.490760,4.874779,0.000012,0.000345,13.608571,cuda_shared_vs_global_results_20260605_161550_k25fixed_20260605_174455/logs_comparison/sharedbytes_comparison_im05_k49_8p4t_b8x4_g1500x2000.log;;;;;;;;;
sharedbytes,comparison,im05,99x99,2p4t,2,4,6000,2000,shared,136.642602,117.378802,116.676266,4.942034,0.000013,0.001266,14.256211,cuda_shared_vs_global_results_20260605_161550_k25fixed_20260605_174455/logs_comparison/sharedbytes_comparison_im05_k99_2p4t_b2x4_g6000x2000.log;;;;;;;;;
sharedbytes,comparison,im05,99x99,4p4t,4,4,3000,2000,shared,71.666287,52.511613,51.810297,4.888738,0.000014,0.001242,14.200313,cuda_shared_vs_global_results_20260605_161550_k25fixed_20260605_174455/logs_comparison/sharedbytes_comparison_im05_k99_4p4t_b4x4_g3000x2000.log;;;;;;;;;
sharedbytes,comparison,im05,99x99,6p4t,6,4,2000,2000,shared,52.922093,33.739997,33.031910,4.892695,0.000013,0.001250,14.221570,cuda_shared_vs_global_results_20260605_161550_k25fixed_20260605_174455/logs_comparison/sharedbytes_comparison_im05_k99_6p4t_b6x4_g2000x2000.log;;;;;;;;;
sharedbytes,comparison,im05,99x99,8p4t,8,4,1500,2000,shared,44.480392,25.258477,24.558582,4.933349,0.000013,0.001191,14.228493,cuda_shared_vs_global_results_20260605_161550_k25fixed_20260605_174455/logs_comparison/sharedbytes_comparison_im05_k99_8p4t_b8x4_g1500x2000.log;;;;;;;;;
sharedbytes,gpu,im01,5x5,8x8,8,8,37,40,shared,0.085283,0.001669,0.000059,0.005942,0.000012,0.000033,0.013089,cuda_shared_vs_global_results_20260605_161550_k25fixed_20260605_174455/logs_gpu/sharedbytes_gpu_im01_k5_b8x8_g37x40.log;;;;;;;;;
sharedbytes,gpu,im01,5x5,16x16,16,16,19,20,shared,0.080338,0.001651,0.000054,0.005953,0.000013,0.000033,0.013069,cuda_shared_vs_global_results_20260605_161550_k25fixed_20260605_174455/logs_gpu/sharedbytes_gpu_im01_k5_b16x16_g19x20.log;;;;;;;;;
sharedbytes,gpu,im01,5x5,32x8,32,8,10,40,shared,0.082853,0.001627,0.000053,0.005969,0.000011,0.000033,0.013071,cuda_shared_vs_global_results_20260605_161550_k25fixed_20260605_174455/logs_gpu/sharedbytes_gpu_im01_k5_b32x8_g10x40.log;;;;;;;;;
sharedbytes,gpu,im01,5x5,32x16,32,16,10,20,shared,0.080197,0.001675,0.000062,0.006156,0.000012,0.000034,0.013054,cuda_shared_vs_global_results_20260605_161550_k25fixed_20260605_174455/logs_gpu/sharedbytes_gpu_im01_k5_b32x16_g10x20.log;;;;;;;;;
sharedbytes,gpu,im01,5x5,32x32,32,32,10,10,shared,0.094070,0.001619,0.000067,0.005887,0.000010,0.000032,0.013077,cuda_shared_vs_global_results_32x32_20260606_000630/logs_gpu/sharedbytes_gpu_im01_k5_b32x32_g10x10.log;;;;;;;;;
sharedbytes,gpu,im01,25x25,8x8,8,8,37,40,shared,0.087373,0.001925,0.000369,0.005981,0.000009,0.000121,0.014959,cuda_shared_vs_global_results_20260605_161550_k25fixed_20260605_174455/logs_gpu/sharedbytes_gpu_im01_k25_b8x8_g37x40.log;;;;;;;;;
sharedbytes,gpu,im01,25x25,16x16,16,16,19,20,shared,0.088698,0.001794,0.000235,0.005962,0.000008,0.000112,0.014928,cuda_shared_vs_global_results_20260605_161550_k25fixed_20260605_174455/logs_gpu/sharedbytes_gpu_im01_k25_b16x16_g19x20.log;;;;;;;;;
sharedbytes,gpu,im01,25x25,32x8,32,8,10,40,shared,0.082186,0.001828,0.000256,0.005917,0.000013,0.000110,0.014963,cuda_shared_vs_global_results_20260605_161550_k25fixed_20260605_174455/logs_gpu/sharedbytes_gpu_im01_k25_b32x8_g10x40.log;;;;;;;;;
sharedbytes,gpu,im01,25x25,32x16,32,16,10,20,shared,0.085386,0.001859,0.000279,0.006236,0.000009,0.000109,0.015086,cuda_shared_vs_global_results_20260605_161550_k25fixed_20260605_174455/logs_gpu/sharedbytes_gpu_im01_k25_b32x16_g10x20.log;;;;;;;;;
sharedbytes,gpu,im01,25x25,32x32,32,32,10,10,shared,0.081720,0.001884,0.000320,0.005936,0.000008,0.000108,0.015073,cuda_shared_vs_global_results_32x32_20260606_000630/logs_gpu/sharedbytes_gpu_im01_k25_b32x32_g10x10.log;;;;;;;;;
sharedbytes,gpu,im01,49x49,8x8,8,8,37,40,shared,0.088587,0.002689,0.001121,0.005991,0.000014,0.000343,0.015671,cuda_shared_vs_global_results_20260605_161550_k25fixed_20260605_174455/logs_gpu/sharedbytes_gpu_im01_k49_b8x8_g37x40.log;;;;;;;;;
sharedbytes,gpu,im01,49x49,16x16,16,16,19,20,shared,0.088833,0.002594,0.001001,0.005958,0.000009,0.000330,0.015904,cuda_shared_vs_global_results_20260605_161550_k25fixed_20260605_174455/logs_gpu/sharedbytes_gpu_im01_k49_b16x16_g19x20.log;;;;;;;;;
sharedbytes,gpu,im01,49x49,32x8,32,8,10,40,shared,0.083325,0.002513,0.000937,0.005943,0.000009,0.000331,0.015634,cuda_shared_vs_global_results_20260605_161550_k25fixed_20260605_174455/logs_gpu/sharedbytes_gpu_im01_k49_b32x8_g10x40.log;;;;;;;;;
sharedbytes,gpu,im01,49x49,32x16,32,16,10,20,shared,0.087272,0.002460,0.000891,0.005949,0.000013,0.000347,0.015658,cuda_shared_vs_global_results_20260605_161550_k25fixed_20260605_174455/logs_gpu/sharedbytes_gpu_im01_k49_b32x16_g10x20.log;;;;;;;;;
sharedbytes,gpu,im01,49x49,32x32,32,32,10,10,shared,0.083256,0.002607,0.001040,0.005940,0.000012,0.000336,0.015665,cuda_shared_vs_global_results_32x32_20260606_000630/logs_gpu/sharedbytes_gpu_im01_k49_b32x32_g10x10.log;;;;;;;;;
sharedbytes,gpu,im01,99x99,8x8,8,8,37,40,shared,0.096291,0.012892,0.011319,0.006236,0.000011,0.001318,0.017009,cuda_shared_vs_global_results_20260605_161550_k25fixed_20260605_174455/logs_gpu/sharedbytes_gpu_im01_k99_b8x8_g37x40.log;;;;;;;;;
sharedbytes,gpu,im01,99x99,16x16,16,16,19,20,global,0.095653,0.007955,0.006373,0.006023,0.000010,0.001202,0.016785,cuda_shared_vs_global_results_20260605_161550_k25fixed_20260605_174455/logs_gpu/sharedbytes_gpu_im01_k99_b16x16_g19x20.log;;;;;;;;;
sharedbytes,gpu,im01,99x99,32x8,32,8,10,40,global,0.090125,0.007995,0.006433,0.005936,0.000009,0.001240,0.016695,cuda_shared_vs_global_results_20260605_161550_k25fixed_20260605_174455/logs_gpu/sharedbytes_gpu_im01_k99_b32x8_g10x40.log;;;;;;;;;
sharedbytes,gpu,im01,99x99,32x16,32,16,10,20,global,0.090743,0.007898,0.006311,0.006034,0.000015,0.001257,0.016731,cuda_shared_vs_global_results_20260605_161550_k25fixed_20260605_174455/logs_gpu/sharedbytes_gpu_im01_k99_b32x16_g10x20.log;;;;;;;;;
sharedbytes,gpu,im01,99x99,32x32,32,32,10,10,global,0.090425,0.007837,0.006255,0.006037,0.000010,0.001282,0.016616,cuda_shared_vs_global_results_32x32_20260606_000630/logs_gpu/sharedbytes_gpu_im01_k99_b32x32_g10x10.log;;;;;;;;;
sharedbytes,gpu,im02,5x5,8x8,8,8,75,50,shared,0.109782,0.003562,0.000067,0.013113,0.000010,0.000033,0.032509,cuda_shared_vs_global_results_20260605_161550_k25fixed_20260605_174455/logs_gpu/sharedbytes_gpu_im02_k5_b8x8_g75x50.log;;;;;;;;;
sharedbytes,gpu,im02,5x5,16x16,16,16,38,25,shared,0.108926,0.003558,0.000061,0.013110,0.000009,0.000032,0.032307,cuda_shared_vs_global_results_20260605_161550_k25fixed_20260605_174455/logs_gpu/sharedbytes_gpu_im02_k5_b16x16_g38x25.log;;;;;;;;;
sharedbytes,gpu,im02,5x5,32x8,32,8,19,50,shared,0.108399,0.003428,0.000067,0.013469,0.000010,0.000032,0.032308,cuda_shared_vs_global_results_20260605_161550_k25fixed_20260605_174455/logs_gpu/sharedbytes_gpu_im02_k5_b32x8_g19x50.log;;;;;;;;;
sharedbytes,gpu,im02,5x5,32x16,32,16,19,25,shared,0.108315,0.003466,0.000068,0.013473,0.000010,0.000032,0.032275,cuda_shared_vs_global_results_20260605_161550_k25fixed_20260605_174455/logs_gpu/sharedbytes_gpu_im02_k5_b32x16_g19x25.log;;;;;;;;;
sharedbytes,gpu,im02,5x5,32x32,32,32,19,13,shared,0.107733,0.003601,0.000085,0.013257,0.000009,0.000031,0.032501,cuda_shared_vs_global_results_32x32_20260606_000630/logs_gpu/sharedbytes_gpu_im02_k5_b32x32_g19x13.log;;;;;;;;;
sharedbytes,gpu,im02,25x25,8x8,8,8,75,50,shared,0.112609,0.004277,0.000838,0.013124,0.000009,0.000111,0.035779,cuda_shared_vs_global_results_20260605_161550_k25fixed_20260605_174455/logs_gpu/sharedbytes_gpu_im02_k25_b8x8_g75x50.log;;;;;;;;;
sharedbytes,gpu,im02,25x25,16x16,16,16,38,25,shared,0.112208,0.003946,0.000494,0.013268,0.000010,0.000107,0.035700,cuda_shared_vs_global_results_20260605_161550_k25fixed_20260605_174455/logs_gpu/sharedbytes_gpu_im02_k25_b16x16_g38x25.log;;;;;;;;;
sharedbytes,gpu,im02,25x25,32x8,32,8,19,50,shared,0.112130,0.004014,0.000495,0.013392,0.000020,0.000110,0.035690,cuda_shared_vs_global_results_20260605_161550_k25fixed_20260605_174455/logs_gpu/sharedbytes_gpu_im02_k25_b32x8_g19x50.log;;;;;;;;;
sharedbytes,gpu,im02,25x25,32x16,32,16,19,25,shared,0.113051,0.003927,0.000480,0.013362,0.000009,0.000115,0.035744,cuda_shared_vs_global_results_20260605_161550_k25fixed_20260605_174455/logs_gpu/sharedbytes_gpu_im02_k25_b32x16_g19x25.log;;;;;;;;;
sharedbytes,gpu,im02,25x25,32x32,32,32,19,13,shared,0.116820,0.003927,0.000527,0.013454,0.000010,0.000113,0.035923,cuda_shared_vs_global_results_32x32_20260606_000630/logs_gpu/sharedbytes_gpu_im02_k25_b32x32_g19x13.log;;;;;;;;;
sharedbytes,gpu,im02,49x49,8x8,8,8,75,50,shared,0.117642,0.005966,0.002637,0.013437,0.000009,0.000336,0.036012,cuda_shared_vs_global_results_20260605_161550_k25fixed_20260605_174455/logs_gpu/sharedbytes_gpu_im02_k49_b8x8_g75x50.log;;;;;;;;;
sharedbytes,gpu,im02,49x49,16x16,16,16,38,25,shared,0.114676,0.006700,0.003342,0.013370,0.000012,0.000346,0.035947,cuda_shared_vs_global_results_20260605_161550_k25fixed_20260605_174455/logs_gpu/sharedbytes_gpu_im02_k49_b16x16_g38x25.log;;;;;;;;;
sharedbytes,gpu,im02,49x49,32x8,32,8,19,50,shared,0.115441,0.006436,0.002988,0.013477,0.000009,0.000318,0.036302,cuda_shared_vs_global_results_20260605_161550_k25fixed_20260605_174455/logs_gpu/sharedbytes_gpu_im02_k49_b32x8_g19x50.log;;;;;;;;;
sharedbytes,gpu,im02,49x49,32x16,32,16,19,25,shared,0.113229,0.005158,0.001688,0.013373,0.000009,0.000336,0.035986,cuda_shared_vs_global_results_20260605_161550_k25fixed_20260605_174455/logs_gpu/sharedbytes_gpu_im02_k49_b32x16_g19x25.log;;;;;;;;;
sharedbytes,gpu,im02,49x49,32x32,32,32,19,13,shared,0.114018,0.005304,0.001791,0.013748,0.000009,0.000365,0.036140,cuda_shared_vs_global_results_32x32_20260606_000630/logs_gpu/sharedbytes_gpu_im02_k49_b32x32_g19x13.log;;;;;;;;;
sharedbytes,gpu,im02,99x99,8x8,8,8,75,50,shared,0.145083,0.030159,0.026619,0.013231,0.000010,0.001310,0.037234,cuda_shared_vs_global_results_20260605_161550_k25fixed_20260605_174455/logs_gpu/sharedbytes_gpu_im02_k99_b8x8_g75x50.log;;;;;;;;;
sharedbytes,gpu,im02,99x99,16x16,16,16,38,25,global,0.131411,0.019506,0.016045,0.013300,0.000017,0.001237,0.037860,cuda_shared_vs_global_results_20260605_161550_k25fixed_20260605_174455/logs_gpu/sharedbytes_gpu_im02_k99_b16x16_g38x25.log;;;;;;;;;
sharedbytes,gpu,im02,99x99,32x8,32,8,19,50,global,0.135959,0.019005,0.015679,0.013932,0.000010,0.001332,0.037621,cuda_shared_vs_global_results_20260605_161550_k25fixed_20260605_174455/logs_gpu/sharedbytes_gpu_im02_k99_b32x8_g19x50.log;;;;;;;;;
sharedbytes,gpu,im02,99x99,32x16,32,16,19,25,global,0.130135,0.018416,0.015039,0.013566,0.000011,0.001238,0.037558,cuda_shared_vs_global_results_20260605_161550_k25fixed_20260605_174455/logs_gpu/sharedbytes_gpu_im02_k99_b32x16_g19x25.log;;;;;;;;;
sharedbytes,gpu,im02,99x99,32x32,32,32,19,13,global,0.127657,0.016881,0.013528,0.013325,0.000013,0.001305,0.037299,cuda_shared_vs_global_results_32x32_20260606_000630/logs_gpu/sharedbytes_gpu_im02_k99_b32x32_g19x13.log;;;;;;;;;
sharedbytes,gpu,im03,5x5,8x8,8,8,100,75,shared,0.162989,0.006623,0.000115,0.029625,0.000012,0.000032,0.067426,cuda_shared_vs_global_results_20260605_161550_k25fixed_20260605_174455/logs_gpu/sharedbytes_gpu_im03_k5_b8x8_g100x75.log;;;;;;;;;
sharedbytes,gpu,im03,5x5,16x16,16,16,50,38,shared,0.166842,0.006601,0.000102,0.030047,0.000013,0.000031,0.067353,cuda_shared_vs_global_results_20260605_161550_k25fixed_20260605_174455/logs_gpu/sharedbytes_gpu_im03_k5_b16x16_g50x38.log;;;;;;;;;
sharedbytes,gpu,im03,5x5,32x8,32,8,25,75,shared,0.167727,0.006571,0.000104,0.030006,0.000011,0.000034,0.067461,cuda_shared_vs_global_results_20260605_161550_k25fixed_20260605_174455/logs_gpu/sharedbytes_gpu_im03_k5_b32x8_g25x75.log;;;;;;;;;
sharedbytes,gpu,im03,5x5,32x16,32,16,25,38,shared,0.165919,0.006641,0.000103,0.029912,0.000012,0.000033,0.067274,cuda_shared_vs_global_results_20260605_161550_k25fixed_20260605_174455/logs_gpu/sharedbytes_gpu_im03_k5_b32x16_g25x38.log;;;;;;;;;
sharedbytes,gpu,im03,5x5,32x32,32,32,25,19,shared,0.162882,0.006662,0.000136,0.030189,0.000011,0.000035,0.067606,cuda_shared_vs_global_results_32x32_20260606_000630/logs_gpu/sharedbytes_gpu_im03_k5_b32x32_g25x19.log;;;;;;;;;
sharedbytes,gpu,im03,25x25,8x8,8,8,100,75,shared,0.173485,0.008060,0.001638,0.030024,0.000012,0.000110,0.074265,cuda_shared_vs_global_results_20260605_161550_k25fixed_20260605_174455/logs_gpu/sharedbytes_gpu_im03_k25_b8x8_g100x75.log;;;;;;;;;
sharedbytes,gpu,im03,25x25,16x16,16,16,50,38,shared,0.172571,0.007430,0.000928,0.030032,0.000017,0.000112,0.074503,cuda_shared_vs_global_results_20260605_161550_k25fixed_20260605_174455/logs_gpu/sharedbytes_gpu_im03_k25_b16x16_g50x38.log;;;;;;;;;
sharedbytes,gpu,im03,25x25,32x8,32,8,25,75,shared,0.171043,0.007441,0.000937,0.030059,0.000012,0.000110,0.074392,cuda_shared_vs_global_results_20260605_161550_k25fixed_20260605_174455/logs_gpu/sharedbytes_gpu_im03_k25_b32x8_g25x75.log;;;;;;;;;
sharedbytes,gpu,im03,25x25,32x16,32,16,25,38,shared,0.174589,0.007381,0.000926,0.030106,0.000010,0.000112,0.074483,cuda_shared_vs_global_results_20260605_161550_k25fixed_20260605_174455/logs_gpu/sharedbytes_gpu_im03_k25_b32x16_g25x38.log;;;;;;;;;
sharedbytes,gpu,im03,25x25,32x32,32,32,25,19,shared,0.173862,0.007504,0.000976,0.030373,0.000011,0.000110,0.074134,cuda_shared_vs_global_results_32x32_20260606_000630/logs_gpu/sharedbytes_gpu_im03_k25_b32x32_g25x19.log;;;;;;;;;
sharedbytes,gpu,im03,49x49,8x8,8,8,100,75,shared,0.180835,0.011710,0.005108,0.029735,0.000010,0.000315,0.075353,cuda_shared_vs_global_results_20260605_161550_k25fixed_20260605_174455/logs_gpu/sharedbytes_gpu_im03_k49_b8x8_g100x75.log;;;;;;;;;
sharedbytes,gpu,im03,49x49,16x16,16,16,50,38,shared,0.180043,0.014091,0.007564,0.029984,0.000010,0.000345,0.075153,cuda_shared_vs_global_results_20260605_161550_k25fixed_20260605_174455/logs_gpu/sharedbytes_gpu_im03_k49_b16x16_g50x38.log;;;;;;;;;
sharedbytes,gpu,im03,49x49,32x8,32,8,25,75,shared,0.179260,0.014084,0.007545,0.029935,0.000011,0.000313,0.075292,cuda_shared_vs_global_results_20260605_161550_k25fixed_20260605_174455/logs_gpu/sharedbytes_gpu_im03_k49_b32x8_g25x75.log;;;;;;;;;
sharedbytes,gpu,im03,49x49,32x16,32,16,25,38,shared,0.176919,0.009842,0.003309,0.030253,0.000012,0.000334,0.075178,cuda_shared_vs_global_results_20260605_161550_k25fixed_20260605_174455/logs_gpu/sharedbytes_gpu_im03_k49_b32x16_g25x38.log;;;;;;;;;
sharedbytes,gpu,im03,49x49,32x32,32,32,25,19,shared,0.179324,0.009873,0.003375,0.030284,0.000011,0.000335,0.075181,cuda_shared_vs_global_results_32x32_20260606_000630/logs_gpu/sharedbytes_gpu_im03_k49_b32x32_g25x19.log;;;;;;;;;
sharedbytes,gpu,im03,99x99,8x8,8,8,100,75,shared,0.225234,0.059670,0.053162,0.030922,0.000011,0.001300,0.074638,cuda_shared_vs_global_results_20260605_161550_k25fixed_20260605_174455/logs_gpu/sharedbytes_gpu_im03_k99_b8x8_g100x75.log;;;;;;;;;
sharedbytes,gpu,im03,99x99,16x16,16,16,50,38,global,0.205189,0.039974,0.033507,0.029913,0.000016,0.001238,0.074786,cuda_shared_vs_global_results_20260605_161550_k25fixed_20260605_174455/logs_gpu/sharedbytes_gpu_im03_k99_b16x16_g50x38.log;;;;;;;;;
sharedbytes,gpu,im03,99x99,32x8,32,8,25,75,global,0.206421,0.039634,0.033197,0.029703,0.000011,0.001246,0.074896,cuda_shared_vs_global_results_20260605_161550_k25fixed_20260605_174455/logs_gpu/sharedbytes_gpu_im03_k99_b32x8_g25x75.log;;;;;;;;;
sharedbytes,gpu,im03,99x99,32x16,32,16,25,38,global,0.204026,0.038603,0.032171,0.030149,0.000012,0.001268,0.074692,cuda_shared_vs_global_results_20260605_161550_k25fixed_20260605_174455/logs_gpu/sharedbytes_gpu_im03_k99_b32x16_g25x38.log;;;;;;;;;
sharedbytes,gpu,im03,99x99,32x32,32,32,25,19,global,0.197516,0.032912,0.026386,0.029900,0.000012,0.001254,0.074731,cuda_shared_vs_global_results_32x32_20260606_000630/logs_gpu/sharedbytes_gpu_im03_k99_b32x32_g25x19.log;;;;;;;;;
sharedbytes,gpu,im04,5x5,8x8,8,8,750,500,shared,4.694486,0.185299,0.004744,1.232431,0.000011,0.000031,3.218361,cuda_shared_vs_global_results_20260605_161550_k25fixed_20260605_174455/logs_gpu/sharedbytes_gpu_im04_k5_b8x8_g750x500.log;;;;;;;;;
sharedbytes,gpu,im04,5x5,16x16,16,16,375,250,shared,4.694740,0.183858,0.004039,1.235430,0.000011,0.000032,3.215800,cuda_shared_vs_global_results_20260605_161550_k25fixed_20260605_174455/logs_gpu/sharedbytes_gpu_im04_k5_b16x16_g375x250.log;;;;;;;;;
sharedbytes,gpu,im04,5x5,32x8,32,8,188,500,shared,4.683943,0.183930,0.004121,1.222119,0.000012,0.000032,3.215327,cuda_shared_vs_global_results_20260605_161550_k25fixed_20260605_174455/logs_gpu/sharedbytes_gpu_im04_k5_b32x8_g188x500.log;;;;;;;;;
sharedbytes,gpu,im04,5x5,32x16,32,16,188,250,shared,4.687853,0.183549,0.004188,1.221281,0.000012,0.000032,3.220390,cuda_shared_vs_global_results_20260605_161550_k25fixed_20260605_174455/logs_gpu/sharedbytes_gpu_im04_k5_b32x16_g188x250.log;;;;;;;;;
sharedbytes,gpu,im04,5x5,32x32,32,32,188,125,shared,4.700101,0.186376,0.005896,1.236267,0.000011,0.000034,3.215204,cuda_shared_vs_global_results_32x32_20260606_000630/logs_gpu/sharedbytes_gpu_im04_k5_b32x32_g188x125.log;;;;;;;;;
sharedbytes,gpu,im04,25x25,8x8,8,8,750,500,shared,5.074706,0.260111,0.079444,1.237127,0.000019,0.000112,3.513635,cuda_shared_vs_global_results_20260605_161550_k25fixed_20260605_174455/logs_gpu/sharedbytes_gpu_im04_k25_b8x8_g750x500.log;;;;;;;;;
sharedbytes,gpu,im04,25x25,16x16,16,16,375,250,shared,5.012283,0.222060,0.044088,1.221014,0.000011,0.000107,3.510481,cuda_shared_vs_global_results_20260605_161550_k25fixed_20260605_174455/logs_gpu/sharedbytes_gpu_im04_k25_b16x16_g375x250.log;;;;;;;;;
sharedbytes,gpu,im04,25x25,32x8,32,8,188,500,shared,5.031111,0.221379,0.044101,1.233956,0.000012,0.000110,3.516988,cuda_shared_vs_global_results_20260605_161550_k25fixed_20260605_174455/logs_gpu/sharedbytes_gpu_im04_k25_b32x8_g188x500.log;;;;;;;;;
sharedbytes,gpu,im04,25x25,32x16,32,16,188,250,shared,5.034633,0.224762,0.044707,1.235542,0.000011,0.000105,3.514885,cuda_shared_vs_global_results_20260605_161550_k25fixed_20260605_174455/logs_gpu/sharedbytes_gpu_im04_k25_b32x16_g188x250.log;;;;;;;;;
sharedbytes,gpu,im04,25x25,32x32,32,32,188,125,shared,5.040405,0.227158,0.047089,1.233689,0.000011,0.000110,3.515681,cuda_shared_vs_global_results_32x32_20260606_000630/logs_gpu/sharedbytes_gpu_im04_k25_b32x32_g188x125.log;;;;;;;;;
sharedbytes,gpu,im04,49x49,8x8,8,8,750,500,shared,5.122097,0.416493,0.236716,1.221992,0.000012,0.000340,3.420171,cuda_shared_vs_global_results_20260605_161550_k25fixed_20260605_174455/logs_gpu/sharedbytes_gpu_im04_k49_b8x8_g750x500.log;;;;;;;;;
sharedbytes,gpu,im04,49x49,16x16,16,16,375,250,shared,5.295377,0.594404,0.414540,1.221538,0.000012,0.000345,3.417317,cuda_shared_vs_global_results_20260605_161550_k25fixed_20260605_174455/logs_gpu/sharedbytes_gpu_im04_k49_b16x16_g375x250.log;;;;;;;;;
sharedbytes,gpu,im04,49x49,32x8,32,8,188,500,shared,5.296863,0.587437,0.408837,1.223670,0.000011,0.000324,3.422328,cuda_shared_vs_global_results_20260605_161550_k25fixed_20260605_174455/logs_gpu/sharedbytes_gpu_im04_k49_b32x8_g188x500.log;;;;;;;;;
sharedbytes,gpu,im04,49x49,32x16,32,16,188,250,shared,5.059129,0.343307,0.165259,1.232527,0.000011,0.000372,3.419668,cuda_shared_vs_global_results_20260605_161550_k25fixed_20260605_174455/logs_gpu/sharedbytes_gpu_im04_k49_b32x16_g188x250.log;;;;;;;;;
sharedbytes,gpu,im04,49x49,32x32,32,32,188,125,shared,5.061237,0.345100,0.167060,1.234647,0.000011,0.000336,3.422023,cuda_shared_vs_global_results_32x32_20260606_000630/logs_gpu/sharedbytes_gpu_im04_k49_b32x32_g188x125.log;;;;;;;;;
sharedbytes,gpu,im04,99x99,8x8,8,8,750,500,shared,7.754186,2.893492,2.711841,1.232648,0.000016,0.001277,3.568022,cuda_shared_vs_global_results_20260605_161550_k25fixed_20260605_174455/logs_gpu/sharedbytes_gpu_im04_k99_b8x8_g750x500.log;;;;;;;;;
sharedbytes,gpu,im04,99x99,16x16,16,16,375,250,global,7.111277,2.240381,2.062501,1.236669,0.000013,0.001274,3.574219,cuda_shared_vs_global_results_20260605_161550_k25fixed_20260605_174455/logs_gpu/sharedbytes_gpu_im04_k99_b16x16_g375x250.log;;;;;;;;;
sharedbytes,gpu,im04,99x99,32x8,32,8,188,500,global,7.114740,2.249783,2.069884,1.235752,0.000013,0.001260,3.568707,cuda_shared_vs_global_results_20260605_161550_k25fixed_20260605_174455/logs_gpu/sharedbytes_gpu_im04_k99_b32x8_g188x500.log;;;;;;;;;
sharedbytes,gpu,im04,99x99,32x16,32,16,188,250,global,7.134716,2.281401,2.101858,1.221496,0.000014,0.001236,3.567723,cuda_shared_vs_global_results_20260605_161550_k25fixed_20260605_174455/logs_gpu/sharedbytes_gpu_im04_k99_b32x16_g188x250.log;;;;;;;;;
sharedbytes,gpu,im04,99x99,32x32,32,32,188,125,global,6.207759,1.340633,1.163940,1.231657,0.000013,0.001252,3.575811,cuda_shared_vs_global_results_32x32_20260606_000630/logs_gpu/sharedbytes_gpu_im04_k99_b32x32_g188x125.log;;;;;;;;;
sharedbytes,gpu,im05,5x5,8x8,8,8,1500,1000,shared,18.508338,0.710790,0.018672,4.875246,0.000012,0.000032,12.863072,cuda_shared_vs_global_results_20260605_161550_k25fixed_20260605_174455/logs_gpu/sharedbytes_gpu_im05_k5_b8x8_g1500x1000.log;;;;;;;;;
sharedbytes,gpu,im05,5x5,16x16,16,16,750,500,shared,18.543672,0.716440,0.015825,4.885309,0.000012,0.000034,12.881614,cuda_shared_vs_global_results_20260605_161550_k25fixed_20260605_174455/logs_gpu/sharedbytes_gpu_im05_k5_b16x16_g750x500.log;;;;;;;;;
sharedbytes,gpu,im05,5x5,32x8,32,8,375,1000,shared,18.499472,0.707937,0.016117,4.880119,0.000019,0.000042,12.852548,cuda_shared_vs_global_results_20260605_161550_k25fixed_20260605_174455/logs_gpu/sharedbytes_gpu_im05_k5_b32x8_g375x1000.log;;;;;;;;;
sharedbytes,gpu,im05,5x5,32x16,32,16,375,500,shared,18.554135,0.715879,0.016339,4.889036,0.000013,0.000033,12.882034,cuda_shared_vs_global_results_20260605_161550_k25fixed_20260605_174455/logs_gpu/sharedbytes_gpu_im05_k5_b32x16_g375x500.log;;;;;;;;;
sharedbytes,gpu,im05,5x5,32x32,32,32,375,250,shared,18.591089,0.719290,0.023477,4.931013,0.000013,0.000030,12.881998,cuda_shared_vs_global_results_32x32_20260606_000630/logs_gpu/sharedbytes_gpu_im05_k5_b32x32_g375x250.log;;;;;;;;;
sharedbytes,gpu,im05,25x25,8x8,8,8,1500,1000,shared,20.022354,1.003660,0.304012,4.941183,0.000012,0.000111,14.013777,cuda_shared_vs_global_results_20260605_161550_k25fixed_20260605_174455/logs_gpu/sharedbytes_gpu_im05_k25_b8x8_g1500x1000.log;;;;;;;;;
sharedbytes,gpu,im05,25x25,16x16,16,16,750,500,shared,19.859757,0.885064,0.185612,4.886497,0.000012,0.000113,14.028007,cuda_shared_vs_global_results_20260605_161550_k25fixed_20260605_174455/logs_gpu/sharedbytes_gpu_im05_k25_b16x16_g750x500.log;;;;;;;;;
sharedbytes,gpu,im05,25x25,32x8,32,8,375,1000,shared,19.869281,0.891912,0.185405,4.888887,0.000013,0.000111,14.028923,cuda_shared_vs_global_results_20260605_161550_k25fixed_20260605_174455/logs_gpu/sharedbytes_gpu_im05_k25_b32x8_g375x1000.log;;;;;;;;;
sharedbytes,gpu,im05,25x25,32x16,32,16,375,500,shared,19.843174,0.877791,0.183600,4.878125,0.000012,0.000110,14.027794,cuda_shared_vs_global_results_20260605_161550_k25fixed_20260605_174455/logs_gpu/sharedbytes_gpu_im05_k25_b32x16_g375x500.log;;;;;;;;;
sharedbytes,gpu,im05,25x25,32x32,32,32,375,250,shared,19.903082,0.884699,0.190482,4.933277,0.000020,0.000119,14.026232,cuda_shared_vs_global_results_32x32_20260606_000630/logs_gpu/sharedbytes_gpu_im05_k25_b32x32_g375x250.log;;;;;;;;;
sharedbytes,gpu,im05,49x49,8x8,8,8,1500,1000,shared,20.227496,1.641707,0.934017,4.888970,0.000012,0.000333,13.636944,cuda_shared_vs_global_results_20260605_161550_k25fixed_20260605_174455/logs_gpu/sharedbytes_gpu_im05_k49_b8x8_g1500x1000.log;;;;;;;;;
sharedbytes,gpu,im05,49x49,16x16,16,16,750,500,shared,20.756579,2.196788,1.501598,4.879478,0.000012,0.000335,13.621134,cuda_shared_vs_global_results_20260605_161550_k25fixed_20260605_174455/logs_gpu/sharedbytes_gpu_im05_k49_b16x16_g750x500.log;;;;;;;;;
sharedbytes,gpu,im05,49x49,32x8,32,8,375,1000,shared,20.789182,2.198612,1.497707,4.889605,0.000012,0.000314,13.637879,cuda_shared_vs_global_results_20260605_161550_k25fixed_20260605_174455/logs_gpu/sharedbytes_gpu_im05_k49_b32x8_g375x1000.log;;;;;;;;;
sharedbytes,gpu,im05,49x49,32x16,32,16,375,500,shared,20.006483,1.375710,0.673650,4.937588,0.000012,0.000314,13.633891,cuda_shared_vs_global_results_20260605_161550_k25fixed_20260605_174455/logs_gpu/sharedbytes_gpu_im05_k49_b32x16_g375x500.log;;;;;;;;;
sharedbytes,gpu,im05,49x49,32x32,32,32,375,250,shared,19.915622,1.367606,0.674123,4.878160,0.000012,0.000337,13.606075,cuda_shared_vs_global_results_32x32_20260606_000630/logs_gpu/sharedbytes_gpu_im05_k49_b32x32_g375x250.log;;;;;;;;;
sharedbytes,gpu,im05,99x99,8x8,8,8,1500,1000,shared,30.769030,11.565426,10.871708,4.934349,0.000013,0.001254,14.209037,cuda_shared_vs_global_results_20260605_161550_k25fixed_20260605_174455/logs_gpu/sharedbytes_gpu_im05_k99_b8x8_g1500x1000.log;;;;;;;;;
sharedbytes,gpu,im05,99x99,16x16,16,16,750,500,global,28.153515,9.009802,8.314425,4.880976,0.000017,0.001256,14.197494,cuda_shared_vs_global_results_20260605_161550_k25fixed_20260605_174455/logs_gpu/sharedbytes_gpu_im05_k99_b16x16_g750x500.log;;;;;;;;;
sharedbytes,gpu,im05,99x99,32x8,32,8,375,1000,global,28.157304,8.985477,8.290908,4.882478,0.000013,0.001268,14.229077,cuda_shared_vs_global_results_20260605_161550_k25fixed_20260605_174455/logs_gpu/sharedbytes_gpu_im05_k99_b32x8_g375x1000.log;;;;;;;;;
sharedbytes,gpu,im05,99x99,32x16,32,16,375,500,global,28.229073,9.063058,8.361981,4.888969,0.000013,0.001250,14.212743,cuda_shared_vs_global_results_20260605_161550_k25fixed_20260605_174455/logs_gpu/sharedbytes_gpu_im05_k99_b32x16_g375x500.log;;;;;;;;;
sharedbytes,gpu,im05,99x99,32x32,32,32,375,250,global,24.443422,5.241804,4.548494,4.878744,0.000013,0.001259,14.259061,cuda_shared_vs_global_results_32x32_20260606_000630/logs_gpu/sharedbytes_gpu_im05_k99_b32x32_g375x250.log;;;;;;;;;
no_sharedbytes,comparison,im01,5x5,2p4t,2,4,146,80,global,0.079806,0.001714,0.000124,0.006125,0.000013,0.000034,0.013059,cuda_shared_vs_global_results_20260605_161550_k25fixed_20260605_174455/logs_comparison/no_sharedbytes_comparison_im01_k5_2p4t_b2x4_g146x80.log;;;;;;;;;
no_sharedbytes,comparison,im01,5x5,4p4t,4,4,73,80,global,0.084317,0.001699,0.000078,0.006091,0.000015,0.000032,0.013118,cuda_shared_vs_global_results_20260605_161550_k25fixed_20260605_174455/logs_comparison/no_sharedbytes_comparison_im01_k5_4p4t_b4x4_g73x80.log;;;;;;;;;
no_sharedbytes,comparison,im01,5x5,6p4t,6,4,49,80,global,0.079415,0.001660,0.000063,0.006102,0.000013,0.000031,0.013102,cuda_shared_vs_global_results_20260605_161550_k25fixed_20260605_174455/logs_comparison/no_sharedbytes_comparison_im01_k5_6p4t_b6x4_g49x80.log;;;;;;;;;
no_sharedbytes,comparison,im01,5x5,8p4t,8,4,37,80,global,0.082506,0.001657,0.000059,0.006115,0.000009,0.000033,0.013122,cuda_shared_vs_global_results_20260605_161550_k25fixed_20260605_174455/logs_comparison/no_sharedbytes_comparison_im01_k5_8p4t_b8x4_g37x80.log;;;;;;;;;
no_sharedbytes,comparison,im01,25x25,2p4t,2,4,146,80,global,0.085040,0.003090,0.001508,0.006128,0.000013,0.000108,0.015109,cuda_shared_vs_global_results_20260605_161550_k25fixed_20260605_174455/logs_comparison/no_sharedbytes_comparison_im01_k25_2p4t_b2x4_g146x80.log;;;;;;;;;
no_sharedbytes,comparison,im01,25x25,4p4t,4,4,73,80,global,0.086753,0.002365,0.000807,0.006085,0.000015,0.000119,0.015034,cuda_shared_vs_global_results_20260605_161550_k25fixed_20260605_174455/logs_comparison/no_sharedbytes_comparison_im01_k25_4p4t_b4x4_g73x80.log;;;;;;;;;
no_sharedbytes,comparison,im01,25x25,6p4t,6,4,49,80,global,0.082580,0.002183,0.000580,0.006202,0.000022,0.000108,0.015063,cuda_shared_vs_global_results_20260605_161550_k25fixed_20260605_174455/logs_comparison/no_sharedbytes_comparison_im01_k25_6p4t_b6x4_g49x80.log;;;;;;;;;
no_sharedbytes,comparison,im01,25x25,8p4t,8,4,37,80,global,0.082295,0.002002,0.000440,0.006072,0.000015,0.000120,0.015071,cuda_shared_vs_global_results_20260605_161550_k25fixed_20260605_174455/logs_comparison/no_sharedbytes_comparison_im01_k25_8p4t_b8x4_g37x80.log;;;;;;;;;
no_sharedbytes,comparison,im01,49x49,2p4t,2,4,146,80,global,0.090075,0.006968,0.005378,0.006115,0.000018,0.000339,0.015747,cuda_shared_vs_global_results_20260605_161550_k25fixed_20260605_174455/logs_comparison/no_sharedbytes_comparison_im01_k49_2p4t_b2x4_g146x80.log;;;;;;;;;
no_sharedbytes,comparison,im01,49x49,4p4t,4,4,73,80,global,0.086887,0.004399,0.002813,0.006054,0.000009,0.000335,0.015725,cuda_shared_vs_global_results_20260605_161550_k25fixed_20260605_174455/logs_comparison/no_sharedbytes_comparison_im01_k49_4p4t_b4x4_g73x80.log;;;;;;;;;
no_sharedbytes,comparison,im01,49x49,6p4t,6,4,49,80,global,0.088026,0.003551,0.001966,0.006123,0.000009,0.000342,0.016656,cuda_shared_vs_global_results_20260605_161550_k25fixed_20260605_174455/logs_comparison/no_sharedbytes_comparison_im01_k49_6p4t_b6x4_g49x80.log;;;;;;;;;
no_sharedbytes,comparison,im01,49x49,8p4t,8,4,37,80,global,0.084831,0.003083,0.001509,0.006143,0.000012,0.000347,0.015959,cuda_shared_vs_global_results_20260605_161550_k25fixed_20260605_174455/logs_comparison/no_sharedbytes_comparison_im01_k49_8p4t_b8x4_g37x80.log;;;;;;;;;
no_sharedbytes,comparison,im01,99x99,2p4t,2,4,146,80,global,0.106486,0.022512,0.020906,0.006142,0.000010,0.001246,0.016701,cuda_shared_vs_global_results_20260605_161550_k25fixed_20260605_174455/logs_comparison/no_sharedbytes_comparison_im01_k99_2p4t_b2x4_g146x80.log;;;;;;;;;
no_sharedbytes,comparison,im01,99x99,4p4t,4,4,73,80,global,0.099644,0.012408,0.010802,0.006201,0.000014,0.001270,0.016675,cuda_shared_vs_global_results_20260605_161550_k25fixed_20260605_174455/logs_comparison/no_sharedbytes_comparison_im01_k99_4p4t_b4x4_g73x80.log;;;;;;;;;
no_sharedbytes,comparison,im01,99x99,6p4t,6,4,49,80,global,0.093361,0.009276,0.007644,0.006120,0.000013,0.001231,0.016691,cuda_shared_vs_global_results_20260605_161550_k25fixed_20260605_174455/logs_comparison/no_sharedbytes_comparison_im01_k99_6p4t_b6x4_g49x80.log;;;;;;;;;
no_sharedbytes,comparison,im01,99x99,8p4t,8,4,37,80,global,0.094647,0.007287,0.005667,0.006058,0.000012,0.001234,0.016696,cuda_shared_vs_global_results_20260605_161550_k25fixed_20260605_174455/logs_comparison/no_sharedbytes_comparison_im01_k99_8p4t_b8x4_g37x80.log;;;;;;;;;
no_sharedbytes,comparison,im02,5x5,2p4t,2,4,300,100,global,0.110083,0.003561,0.000289,0.013590,0.000010,0.000032,0.032649,cuda_shared_vs_global_results_20260605_161550_k25fixed_20260605_174455/logs_comparison/no_sharedbytes_comparison_im02_k5_2p4t_b2x4_g300x100.log;;;;;;;;;
no_sharedbytes,comparison,im02,5x5,4p4t,4,4,150,100,global,0.109819,0.003652,0.000162,0.013656,0.000010,0.000035,0.032564,cuda_shared_vs_global_results_20260605_161550_k25fixed_20260605_174455/logs_comparison/no_sharedbytes_comparison_im02_k5_4p4t_b4x4_g150x100.log;;;;;;;;;
no_sharedbytes,comparison,im02,5x5,6p4t,6,4,100,100,global,0.108658,0.003576,0.000114,0.013519,0.000009,0.000034,0.032674,cuda_shared_vs_global_results_20260605_161550_k25fixed_20260605_174455/logs_comparison/no_sharedbytes_comparison_im02_k5_6p4t_b6x4_g100x100.log;;;;;;;;;
no_sharedbytes,comparison,im02,5x5,8p4t,8,4,75,100,global,0.109388,0.003429,0.000093,0.013770,0.000011,0.000032,0.032520,cuda_shared_vs_global_results_20260605_161550_k25fixed_20260605_174455/logs_comparison/no_sharedbytes_comparison_im02_k5_8p4t_b8x4_g75x100.log;;;;;;;;;
no_sharedbytes,comparison,im02,25x25,2p4t,2,4,300,100,global,0.118581,0.007320,0.003817,0.013531,0.000010,0.000108,0.035962,cuda_shared_vs_global_results_20260605_161550_k25fixed_20260605_174455/logs_comparison/no_sharedbytes_comparison_im02_k25_2p4t_b2x4_g300x100.log;;;;;;;;;
no_sharedbytes,comparison,im02,25x25,4p4t,4,4,150,100,global,0.119349,0.005284,0.001986,0.013601,0.000009,0.000111,0.035915,cuda_shared_vs_global_results_20260605_161550_k25fixed_20260605_174455/logs_comparison/no_sharedbytes_comparison_im02_k25_4p4t_b4x4_g150x100.log;;;;;;;;;
no_sharedbytes,comparison,im02,25x25,6p4t,6,4,100,100,global,0.114370,0.004879,0.001358,0.013362,0.000010,0.000111,0.035915,cuda_shared_vs_global_results_20260605_161550_k25fixed_20260605_174455/logs_comparison/no_sharedbytes_comparison_im02_k25_6p4t_b6x4_g100x100.log;;;;;;;;;
no_sharedbytes,comparison,im02,25x25,8p4t,8,4,75,100,global,0.112842,0.004398,0.001044,0.013891,0.000009,0.000110,0.036020,cuda_shared_vs_global_results_20260605_161550_k25fixed_20260605_174455/logs_comparison/no_sharedbytes_comparison_im02_k25_8p4t_b8x4_g75x100.log;;;;;;;;;
no_sharedbytes,comparison,im02,49x49,2p4t,2,4,300,100,global,0.126489,0.017402,0.013889,0.013617,0.000011,0.000344,0.036176,cuda_shared_vs_global_results_20260605_161550_k25fixed_20260605_174455/logs_comparison/no_sharedbytes_comparison_im02_k49_2p4t_b2x4_g300x100.log;;;;;;;;;
no_sharedbytes,comparison,im02,49x49,4p4t,4,4,150,100,global,0.123666,0.010601,0.007306,0.013638,0.000011,0.000364,0.036369,cuda_shared_vs_global_results_20260605_161550_k25fixed_20260605_174455/logs_comparison/no_sharedbytes_comparison_im02_k49_4p4t_b4x4_g150x100.log;;;;;;;;;
no_sharedbytes,comparison,im02,49x49,6p4t,6,4,100,100,global,0.117961,0.008554,0.004981,0.013273,0.000018,0.000314,0.036365,cuda_shared_vs_global_results_20260605_161550_k25fixed_20260605_174455/logs_comparison/no_sharedbytes_comparison_im02_k49_6p4t_b6x4_g100x100.log;;;;;;;;;
no_sharedbytes,comparison,im02,49x49,8p4t,8,4,75,100,global,0.115952,0.007055,0.003735,0.013736,0.000009,0.000335,0.036131,cuda_shared_vs_global_results_20260605_161550_k25fixed_20260605_174455/logs_comparison/no_sharedbytes_comparison_im02_k49_8p4t_b8x4_g75x100.log;;;;;;;;;
no_sharedbytes,comparison,im02,99x99,2p4t,2,4,300,100,global,0.170184,0.057476,0.054166,0.013719,0.000018,0.001225,0.037623,cuda_shared_vs_global_results_20260605_161550_k25fixed_20260605_174455/logs_comparison/no_sharedbytes_comparison_im02_k99_2p4t_b2x4_g300x100.log;;;;;;;;;
no_sharedbytes,comparison,im02,99x99,4p4t,4,4,150,100,global,0.144439,0.031821,0.028250,0.013455,0.000010,0.001272,0.037624,cuda_shared_vs_global_results_20260605_161550_k25fixed_20260605_174455/logs_comparison/no_sharedbytes_comparison_im02_k99_4p4t_b4x4_g150x100.log;;;;;;;;;
no_sharedbytes,comparison,im02,99x99,6p4t,6,4,100,100,global,0.135972,0.022970,0.019576,0.013733,0.000012,0.001263,0.037417,cuda_shared_vs_global_results_20260605_161550_k25fixed_20260605_174455/logs_comparison/no_sharedbytes_comparison_im02_k99_6p4t_b6x4_g100x100.log;;;;;;;;;
no_sharedbytes,comparison,im02,99x99,8p4t,8,4,75,100,global,0.130472,0.018096,0.014770,0.013762,0.000010,0.001228,0.037575,cuda_shared_vs_global_results_20260605_161550_k25fixed_20260605_174455/logs_comparison/no_sharedbytes_comparison_im02_k99_8p4t_b8x4_g75x100.log;;;;;;;;;
no_sharedbytes,comparison,im03,5x5,2p4t,2,4,400,150,global,0.165866,0.007102,0.000566,0.030453,0.000018,0.000032,0.068098,cuda_shared_vs_global_results_20260605_161550_k25fixed_20260605_174455/logs_comparison/no_sharedbytes_comparison_im03_k5_2p4t_b2x4_g400x150.log;;;;;;;;;
no_sharedbytes,comparison,im03,5x5,4p4t,4,4,200,150,global,0.167359,0.006818,0.000299,0.030026,0.000011,0.000035,0.067869,cuda_shared_vs_global_results_20260605_161550_k25fixed_20260605_174455/logs_comparison/no_sharedbytes_comparison_im03_k5_4p4t_b4x4_g200x150.log;;;;;;;;;
no_sharedbytes,comparison,im03,5x5,6p4t,6,4,134,150,global,0.167533,0.006775,0.000206,0.030322,0.000012,0.000032,0.067883,cuda_shared_vs_global_results_20260605_161550_k25fixed_20260605_174455/logs_comparison/no_sharedbytes_comparison_im03_k5_6p4t_b6x4_g134x150.log;;;;;;;;;
no_sharedbytes,comparison,im03,5x5,8p4t,8,4,100,150,global,0.165070,0.006785,0.000163,0.030525,0.000011,0.000033,0.068100,cuda_shared_vs_global_results_20260605_161550_k25fixed_20260605_174455/logs_comparison/no_sharedbytes_comparison_im03_k5_8p4t_b8x4_g100x150.log;;;;;;;;;
no_sharedbytes,comparison,im03,25x25,2p4t,2,4,400,150,global,0.178754,0.014078,0.007594,0.030231,0.000015,0.000105,0.074634,cuda_shared_vs_global_results_20260605_161550_k25fixed_20260605_174455/logs_comparison/no_sharedbytes_comparison_im03_k25_2p4t_b2x4_g400x150.log;;;;;;;;;
no_sharedbytes,comparison,im03,25x25,4p4t,4,4,200,150,global,0.183069,0.010646,0.003989,0.030871,0.000012,0.000108,0.074741,cuda_shared_vs_global_results_20260605_161550_k25fixed_20260605_174455/logs_comparison/no_sharedbytes_comparison_im03_k25_4p4t_b4x4_g200x150.log;;;;;;;;;
no_sharedbytes,comparison,im03,25x25,6p4t,6,4,134,150,global,0.172941,0.009166,0.002729,0.030432,0.000011,0.000111,0.074576,cuda_shared_vs_global_results_20260605_161550_k25fixed_20260605_174455/logs_comparison/no_sharedbytes_comparison_im03_k25_6p4t_b6x4_g134x150.log;;;;;;;;;
no_sharedbytes,comparison,im03,25x25,8p4t,8,4,100,150,global,0.175712,0.008470,0.002070,0.029964,0.000011,0.000111,0.074515,cuda_shared_vs_global_results_20260605_161550_k25fixed_20260605_174455/logs_comparison/no_sharedbytes_comparison_im03_k25_8p4t_b8x4_g100x150.log;;;;;;;;;
no_sharedbytes,comparison,im03,49x49,2p4t,2,4,400,150,global,0.200001,0.034589,0.028037,0.030426,0.000014,0.000334,0.075747,cuda_shared_vs_global_results_20260605_161550_k25fixed_20260605_174455/logs_comparison/no_sharedbytes_comparison_im03_k49_2p4t_b2x4_g400x150.log;;;;;;;;;
no_sharedbytes,comparison,im03,49x49,4p4t,4,4,200,150,global,0.187580,0.021449,0.014850,0.030300,0.000012,0.000343,0.075565,cuda_shared_vs_global_results_20260605_161550_k25fixed_20260605_174455/logs_comparison/no_sharedbytes_comparison_im03_k49_4p4t_b4x4_g200x150.log;;;;;;;;;
no_sharedbytes,comparison,im03,49x49,6p4t,6,4,134,150,global,0.182334,0.016676,0.010164,0.030346,0.000010,0.000350,0.075438,cuda_shared_vs_global_results_20260605_161550_k25fixed_20260605_174455/logs_comparison/no_sharedbytes_comparison_im03_k49_6p4t_b6x4_g134x150.log;;;;;;;;;
no_sharedbytes,comparison,im03,49x49,8p4t,8,4,100,150,global,0.178977,0.014092,0.007601,0.030014,0.000011,0.000354,0.075546,cuda_shared_vs_global_results_20260605_161550_k25fixed_20260605_174455/logs_comparison/no_sharedbytes_comparison_im03_k49_8p4t_b8x4_g100x150.log;;;;;;;;;
no_sharedbytes,comparison,im03,99x99,2p4t,2,4,400,150,global,0.287689,0.118114,0.111502,0.030224,0.000011,0.001275,0.075169,cuda_shared_vs_global_results_20260605_161550_k25fixed_20260605_174455/logs_comparison/no_sharedbytes_comparison_im03_k99_2p4t_b2x4_g400x150.log;;;;;;;;;
no_sharedbytes,comparison,im03,99x99,4p4t,4,4,200,150,global,0.223541,0.055194,0.048618,0.030510,0.000013,0.001266,0.075535,cuda_shared_vs_global_results_20260605_161550_k25fixed_20260605_174455/logs_comparison/no_sharedbytes_comparison_im03_k99_4p4t_b4x4_g200x150.log;;;;;;;;;
no_sharedbytes,comparison,im03,99x99,6p4t,6,4,134,150,global,0.205729,0.039195,0.032670,0.030457,0.000014,0.001255,0.075185,cuda_shared_vs_global_results_20260605_161550_k25fixed_20260605_174455/logs_comparison/no_sharedbytes_comparison_im03_k99_6p4t_b6x4_g134x150.log;;;;;;;;;
no_sharedbytes,comparison,im03,99x99,8p4t,8,4,100,150,global,0.196977,0.031461,0.025026,0.030100,0.000017,0.001259,0.075188,cuda_shared_vs_global_results_20260605_161550_k25fixed_20260605_174455/logs_comparison/no_sharedbytes_comparison_im03_k99_8p4t_b8x4_g100x150.log;;;;;;;;;
no_sharedbytes,comparison,im04,5x5,2p4t,2,4,3000,1000,global,4.753952,0.206914,0.027173,1.248686,0.000012,0.000032,3.239416,cuda_shared_vs_global_results_20260605_161550_k25fixed_20260605_174455/logs_comparison/no_sharedbytes_comparison_im04_k5_2p4t_b2x4_g3000x1000.log;;;;;;;;;
no_sharedbytes,comparison,im04,5x5,4p4t,4,4,1500,1000,global,4.753210,0.197267,0.013708,1.251438,0.000011,0.000032,3.241629,cuda_shared_vs_global_results_20260605_161550_k25fixed_20260605_174455/logs_comparison/no_sharedbytes_comparison_im04_k5_4p4t_b4x4_g1500x1000.log;;;;;;;;;
no_sharedbytes,comparison,im04,5x5,6p4t,6,4,1000,1000,global,4.737544,0.188779,0.009189,1.248550,0.000011,0.000031,3.239801,cuda_shared_vs_global_results_20260605_161550_k25fixed_20260605_174455/logs_comparison/no_sharedbytes_comparison_im04_k5_6p4t_b6x4_g1000x1000.log;;;;;;;;;
no_sharedbytes,comparison,im04,5x5,8p4t,8,4,750,1000,global,4.735236,0.186226,0.006950,1.249296,0.000011,0.000033,3.240670,cuda_shared_vs_global_results_20260605_161550_k25fixed_20260605_174455/logs_comparison/no_sharedbytes_comparison_im04_k5_8p4t_b8x4_g750x1000.log;;;;;;;;;
no_sharedbytes,comparison,im04,25x25,2p4t,2,4,3000,1000,global,5.410301,0.554561,0.372947,1.263459,0.000011,0.000103,3.528891,cuda_shared_vs_global_results_20260605_161550_k25fixed_20260605_174455/logs_comparison/no_sharedbytes_comparison_im04_k25_2p4t_b2x4_g3000x1000.log;;;;;;;;;
no_sharedbytes,comparison,im04,25x25,4p4t,4,4,1500,1000,global,5.219091,0.376689,0.197910,1.261282,0.000012,0.000112,3.522037,cuda_shared_vs_global_results_20260605_161550_k25fixed_20260605_174455/logs_comparison/no_sharedbytes_comparison_im04_k25_4p4t_b4x4_g1500x1000.log;;;;;;;;;
no_sharedbytes,comparison,im04,25x25,6p4t,6,4,1000,1000,global,5.152405,0.316436,0.137640,1.247506,0.000013,0.000109,3.529579,cuda_shared_vs_global_results_20260605_161550_k25fixed_20260605_174455/logs_comparison/no_sharedbytes_comparison_im04_k25_6p4t_b6x4_g1000x1000.log;;;;;;;;;
no_sharedbytes,comparison,im04,25x25,8p4t,8,4,750,1000,global,5.137337,0.283155,0.104703,1.259918,0.000011,0.000112,3.535323,cuda_shared_vs_global_results_20260605_161550_k25fixed_20260605_174455/logs_comparison/no_sharedbytes_comparison_im04_k25_8p4t_b8x4_g750x1000.log;;;;;;;;;
no_sharedbytes,comparison,im04,49x49,2p4t,2,4,3000,1000,global,6.203817,1.428297,1.249312,1.263108,0.000013,0.000335,3.446229,cuda_shared_vs_global_results_20260605_161550_k25fixed_20260605_174455/logs_comparison/no_sharedbytes_comparison_im04_k49_2p4t_b2x4_g3000x1000.log;;;;;;;;;
no_sharedbytes,comparison,im04,49x49,4p4t,4,4,1500,1000,global,5.618360,0.868774,0.687784,1.250651,0.000012,0.000333,3.438456,cuda_shared_vs_global_results_20260605_161550_k25fixed_20260605_174455/logs_comparison/no_sharedbytes_comparison_im04_k49_4p4t_b4x4_g1500x1000.log;;;;;;;;;
no_sharedbytes,comparison,im04,49x49,6p4t,6,4,1000,1000,global,5.416166,0.669652,0.490217,1.248112,0.000015,0.000334,3.438785,cuda_shared_vs_global_results_20260605_161550_k25fixed_20260605_174455/logs_comparison/no_sharedbytes_comparison_im04_k49_6p4t_b6x4_g1000x1000.log;;;;;;;;;
no_sharedbytes,comparison,im04,49x49,8p4t,8,4,750,1000,global,5.291766,0.542590,0.364220,1.248814,0.000013,0.000348,3.439150,cuda_shared_vs_global_results_20260605_161550_k25fixed_20260605_174455/logs_comparison/no_sharedbytes_comparison_im04_k49_8p4t_b8x4_g750x1000.log;;;;;;;;;
no_sharedbytes,comparison,im04,99x99,2p4t,2,4,3000,1000,global,10.059659,5.150392,4.971740,1.262783,0.000012,0.001196,3.586318,cuda_shared_vs_global_results_20260605_161550_k25fixed_20260605_174455/logs_comparison/no_sharedbytes_comparison_im04_k99_2p4t_b2x4_g3000x1000.log;;;;;;;;;
no_sharedbytes,comparison,im04,99x99,4p4t,4,4,1500,1000,global,7.709645,2.794687,2.614620,1.261824,0.000014,0.001269,3.588334,cuda_shared_vs_global_results_20260605_161550_k25fixed_20260605_174455/logs_comparison/no_sharedbytes_comparison_im04_k99_4p4t_b4x4_g1500x1000.log;;;;;;;;;
no_sharedbytes,comparison,im04,99x99,6p4t,6,4,1000,1000,global,6.964277,2.047268,1.865970,1.265773,0.000014,0.001228,3.583379,cuda_shared_vs_global_results_20260605_161550_k25fixed_20260605_174455/logs_comparison/no_sharedbytes_comparison_im04_k99_6p4t_b6x4_g1000x1000.log;;;;;;;;;
no_sharedbytes,comparison,im04,99x99,8p4t,8,4,750,1000,global,6.552170,1.657848,1.479348,1.248136,0.000012,0.001238,3.582047,cuda_shared_vs_global_results_20260605_161550_k25fixed_20260605_174455/logs_comparison/no_sharedbytes_comparison_im04_k99_8p4t_b8x4_g750x1000.log;;;;;;;;;
no_sharedbytes,comparison,im05,5x5,2p4t,2,4,6000,2000,global,18.855796,0.798326,0.109959,5.034801,0.000012,0.000032,12.963420,cuda_shared_vs_global_results_20260605_161550_k25fixed_20260605_174455/logs_comparison/no_sharedbytes_comparison_im05_k5_2p4t_b2x4_g6000x2000.log;;;;;;;;;
no_sharedbytes,comparison,im05,5x5,4p4t,4,4,3000,2000,global,18.802157,0.751211,0.055282,5.045694,0.000012,0.000032,12.945126,cuda_shared_vs_global_results_20260605_161550_k25fixed_20260605_174455/logs_comparison/no_sharedbytes_comparison_im05_k5_4p4t_b4x4_g3000x2000.log;;;;;;;;;
no_sharedbytes,comparison,im05,5x5,6p4t,6,4,2000,2000,global,18.720860,0.729698,0.035940,4.988936,0.000012,0.000031,12.943078,cuda_shared_vs_global_results_20260605_161550_k25fixed_20260605_174455/logs_comparison/no_sharedbytes_comparison_im05_k5_6p4t_b6x4_g2000x2000.log;;;;;;;;;
no_sharedbytes,comparison,im05,5x5,8p4t,8,4,1500,2000,global,18.727153,0.718067,0.027925,4.990293,0.000012,0.000032,12.955111,cuda_shared_vs_global_results_20260605_161550_k25fixed_20260605_174455/logs_comparison/no_sharedbytes_comparison_im05_k5_8p4t_b8x4_g1500x2000.log;;;;;;;;;
no_sharedbytes,comparison,im05,25x25,2p4t,2,4,6000,2000,global,21.343056,2.120501,1.414009,5.000106,0.000014,0.000110,14.157850,cuda_shared_vs_global_results_20260605_161550_k25fixed_20260605_174455/logs_comparison/no_sharedbytes_comparison_im05_k25_2p4t_b2x4_g6000x2000.log;;;;;;;;;
no_sharedbytes,comparison,im05,25x25,4p4t,4,4,3000,2000,global,20.665754,1.460896,0.760877,4.992601,0.000019,0.000106,14.151079,cuda_shared_vs_global_results_20260605_161550_k25fixed_20260605_174455/logs_comparison/no_sharedbytes_comparison_im05_k25_4p4t_b4x4_g3000x2000.log;;;;;;;;;
no_sharedbytes,comparison,im05,25x25,6p4t,6,4,2000,2000,global,20.422682,1.214726,0.514861,5.033868,0.000013,0.000108,14.115512,cuda_shared_vs_global_results_20260605_161550_k25fixed_20260605_174455/logs_comparison/no_sharedbytes_comparison_im05_k25_6p4t_b6x4_g2000x2000.log;;;;;;;;;
no_sharedbytes,comparison,im05,25x25,8p4t,8,4,1500,2000,global,20.345922,1.093979,0.395511,5.053851,0.000012,0.000109,14.138749,cuda_shared_vs_global_results_20260605_161550_k25fixed_20260605_174455/logs_comparison/no_sharedbytes_comparison_im05_k25_8p4t_b8x4_g1500x2000.log;;;;;;;;;
no_sharedbytes,comparison,im05,49x49,2p4t,2,4,6000,2000,global,24.468362,5.687039,4.991597,4.988947,0.000013,0.000333,13.731896,cuda_shared_vs_global_results_20260605_161550_k25fixed_20260605_174455/logs_comparison/no_sharedbytes_comparison_im05_k49_2p4t_b2x4_g6000x2000.log;;;;;;;;;
no_sharedbytes,comparison,im05,49x49,4p4t,4,4,3000,2000,global,22.166557,3.420833,2.726274,4.989065,0.000014,0.000344,13.693048,cuda_shared_vs_global_results_20260605_161550_k25fixed_20260605_174455/logs_comparison/no_sharedbytes_comparison_im05_k49_4p4t_b4x4_g3000x2000.log;;;;;;;;;
no_sharedbytes,comparison,im05,49x49,6p4t,6,4,2000,2000,global,21.373511,2.608695,1.914669,4.990666,0.000012,0.000332,13.711084,cuda_shared_vs_global_results_20260605_161550_k25fixed_20260605_174455/logs_comparison/no_sharedbytes_comparison_im05_k49_6p4t_b6x4_g2000x2000.log;;;;;;;;;
no_sharedbytes,comparison,im05,49x49,8p4t,8,4,1500,2000,global,20.890322,2.155855,1.461431,4.990312,0.000019,0.000332,13.680751,cuda_shared_vs_global_results_20260605_161550_k25fixed_20260605_174455/logs_comparison/no_sharedbytes_comparison_im05_k49_8p4t_b8x4_g1500x2000.log;;;;;;;;;
no_sharedbytes,comparison,im05,99x99,2p4t,2,4,6000,2000,global,40.647955,21.277411,20.583293,4.991861,0.000015,0.001259,14.317556,cuda_shared_vs_global_results_20260605_161550_k25fixed_20260605_174455/logs_comparison/no_sharedbytes_comparison_im05_k99_2p4t_b2x4_g6000x2000.log;;;;;;;;;
no_sharedbytes,comparison,im05,99x99,4p4t,4,4,3000,2000,global,31.119312,11.791179,11.097425,4.989168,0.000014,0.001247,14.278170,cuda_shared_vs_global_results_20260605_161550_k25fixed_20260605_174455/logs_comparison/no_sharedbytes_comparison_im05_k99_4p4t_b4x4_g3000x2000.log;;;;;;;;;
no_sharedbytes,comparison,im05,99x99,6p4t,6,4,2000,2000,global,27.998591,8.614624,7.919978,4.990321,0.000017,0.001254,14.330956,cuda_shared_vs_global_results_20260605_161550_k25fixed_20260605_174455/logs_comparison/no_sharedbytes_comparison_im05_k99_6p4t_b6x4_g2000x2000.log;;;;;;;;;
no_sharedbytes,comparison,im05,99x99,8p4t,8,4,1500,2000,global,26.169410,6.848159,6.155141,4.989884,0.000014,0.001270,14.266934,cuda_shared_vs_global_results_20260605_161550_k25fixed_20260605_174455/logs_comparison/no_sharedbytes_comparison_im05_k99_8p4t_b8x4_g1500x2000.log;;;;;;;;;
no_sharedbytes,gpu,im01,5x5,8x8,8,8,37,40,global,0.084243,0.001646,0.000055,0.006204,0.000012,0.000032,0.013217,cuda_shared_vs_global_results_20260605_161550_k25fixed_20260605_174455/logs_gpu/no_sharedbytes_gpu_im01_k5_b8x8_g37x40.log;;;;;;;;;
no_sharedbytes,gpu,im01,5x5,16x16,16,16,19,20,global,0.080259,0.001621,0.000043,0.006191,0.000010,0.000033,0.013106,cuda_shared_vs_global_results_20260605_161550_k25fixed_20260605_174455/logs_gpu/no_sharedbytes_gpu_im01_k5_b16x16_g19x20.log;;;;;;;;;
no_sharedbytes,gpu,im01,5x5,32x8,32,8,10,40,global,0.085593,0.001647,0.000044,0.006113,0.000009,0.000032,0.013133,cuda_shared_vs_global_results_20260605_161550_k25fixed_20260605_174455/logs_gpu/no_sharedbytes_gpu_im01_k5_b32x8_g10x40.log;;;;;;;;;
no_sharedbytes,gpu,im01,5x5,32x16,32,16,10,20,global,0.083391,0.001693,0.000052,0.006111,0.000012,0.000033,0.013205,cuda_shared_vs_global_results_20260605_161550_k25fixed_20260605_174455/logs_gpu/no_sharedbytes_gpu_im01_k5_b32x16_g10x20.log;;;;;;;;;
no_sharedbytes,gpu,im01,5x5,32x32,32,32,10,10,global,0.080260,0.001615,0.000057,0.006189,0.000010,0.000034,0.013040,cuda_shared_vs_global_results_32x32_20260606_000630/logs_gpu/no_sharedbytes_gpu_im01_k5_b32x32_g10x10.log;;;;;;;;;
no_sharedbytes,gpu,im01,25x25,8x8,8,8,37,40,global,0.085101,0.001950,0.000362,0.006143,0.000009,0.000109,0.015272,cuda_shared_vs_global_results_20260605_161550_k25fixed_20260605_174455/logs_gpu/no_sharedbytes_gpu_im01_k25_b8x8_g37x40.log;;;;;;;;;
no_sharedbytes,gpu,im01,25x25,16x16,16,16,19,20,global,0.082781,0.001971,0.000365,0.006156,0.000011,0.000111,0.015052,cuda_shared_vs_global_results_20260605_161550_k25fixed_20260605_174455/logs_gpu/no_sharedbytes_gpu_im01_k25_b16x16_g19x20.log;;;;;;;;;
no_sharedbytes,gpu,im01,25x25,32x8,32,8,10,40,global,0.086908,0.001970,0.000381,0.006174,0.000010,0.000112,0.015333,cuda_shared_vs_global_results_20260605_161550_k25fixed_20260605_174455/logs_gpu/no_sharedbytes_gpu_im01_k25_b32x8_g10x40.log;;;;;;;;;
no_sharedbytes,gpu,im01,25x25,32x16,32,16,10,20,global,0.086723,0.002014,0.000417,0.006117,0.000009,0.000110,0.015023,cuda_shared_vs_global_results_20260605_161550_k25fixed_20260605_174455/logs_gpu/no_sharedbytes_gpu_im01_k25_b32x16_g10x20.log;;;;;;;;;
no_sharedbytes,gpu,im01,25x25,32x32,32,32,10,10,global,0.081495,0.002020,0.000463,0.006049,0.000018,0.000111,0.015036,cuda_shared_vs_global_results_32x32_20260606_000630/logs_gpu/no_sharedbytes_gpu_im01_k25_b32x32_g10x10.log;;;;;;;;;
no_sharedbytes,gpu,im01,49x49,8x8,8,8,37,40,global,0.089602,0.002962,0.001386,0.006041,0.000009,0.000334,0.015680,cuda_shared_vs_global_results_20260605_161550_k25fixed_20260605_174455/logs_gpu/no_sharedbytes_gpu_im01_k49_b8x8_g37x40.log;;;;;;;;;
no_sharedbytes,gpu,im01,49x49,16x16,16,16,19,20,global,0.086740,0.003014,0.001385,0.006038,0.000012,0.000336,0.015703,cuda_shared_vs_global_results_20260605_161550_k25fixed_20260605_174455/logs_gpu/no_sharedbytes_gpu_im01_k49_b16x16_g19x20.log;;;;;;;;;
no_sharedbytes,gpu,im01,49x49,32x8,32,8,10,40,global,0.087123,0.002995,0.001401,0.006234,0.000009,0.000342,0.015748,cuda_shared_vs_global_results_20260605_161550_k25fixed_20260605_174455/logs_gpu/no_sharedbytes_gpu_im01_k49_b32x8_g10x40.log;;;;;;;;;
no_sharedbytes,gpu,im01,49x49,32x16,32,16,10,20,global,0.087752,0.002962,0.001361,0.006106,0.000011,0.000337,0.015707,cuda_shared_vs_global_results_20260605_161550_k25fixed_20260605_174455/logs_gpu/no_sharedbytes_gpu_im01_k49_b32x16_g10x20.log;;;;;;;;;
no_sharedbytes,gpu,im01,49x49,32x32,32,32,10,10,global,0.088355,0.003159,0.001579,0.006103,0.000008,0.000343,0.015814,cuda_shared_vs_global_results_32x32_20260606_000630/logs_gpu/no_sharedbytes_gpu_im01_k49_b32x32_g10x10.log;;;;;;;;;
no_sharedbytes,gpu,im01,99x99,8x8,8,8,37,40,global,0.091942,0.008454,0.006873,0.006049,0.000014,0.001236,0.016715,cuda_shared_vs_global_results_20260605_161550_k25fixed_20260605_174455/logs_gpu/no_sharedbytes_gpu_im01_k99_b8x8_g37x40.log;;;;;;;;;
no_sharedbytes,gpu,im01,99x99,16x16,16,16,19,20,global,0.091023,0.009103,0.007504,0.006107,0.000013,0.001253,0.016633,cuda_shared_vs_global_results_20260605_161550_k25fixed_20260605_174455/logs_gpu/no_sharedbytes_gpu_im01_k99_b16x16_g19x20.log;;;;;;;;;
no_sharedbytes,gpu,im01,99x99,32x8,32,8,10,40,global,0.092047,0.008874,0.007269,0.006110,0.000010,0.001234,0.016690,cuda_shared_vs_global_results_20260605_161550_k25fixed_20260605_174455/logs_gpu/no_sharedbytes_gpu_im01_k99_b32x8_g10x40.log;;;;;;;;;
no_sharedbytes,gpu,im01,99x99,32x16,32,16,10,20,global,0.094901,0.008791,0.007211,0.006045,0.000010,0.001228,0.016697,cuda_shared_vs_global_results_20260605_161550_k25fixed_20260605_174455/logs_gpu/no_sharedbytes_gpu_im01_k99_b32x16_g10x20.log;;;;;;;;;
no_sharedbytes,gpu,im01,99x99,32x32,32,32,10,10,global,0.090660,0.007951,0.006371,0.006085,0.000013,0.001246,0.016782,cuda_shared_vs_global_results_32x32_20260606_000630/logs_gpu/no_sharedbytes_gpu_im01_k99_b32x32_g10x10.log;;;;;;;;;
no_sharedbytes,gpu,im02,5x5,8x8,8,8,75,50,global,0.110140,0.003412,0.000067,0.013637,0.000010,0.000033,0.032513,cuda_shared_vs_global_results_20260605_161550_k25fixed_20260605_174455/logs_gpu/no_sharedbytes_gpu_im02_k5_b8x8_g75x50.log;;;;;;;;;
no_sharedbytes,gpu,im02,5x5,16x16,16,16,38,25,global,0.108635,0.003608,0.000058,0.013509,0.000009,0.000032,0.032504,cuda_shared_vs_global_results_20260605_161550_k25fixed_20260605_174455/logs_gpu/no_sharedbytes_gpu_im02_k5_b16x16_g38x25.log;;;;;;;;;
no_sharedbytes,gpu,im02,5x5,32x8,32,8,19,50,global,0.110435,0.003584,0.000062,0.013636,0.000009,0.000034,0.032637,cuda_shared_vs_global_results_20260605_161550_k25fixed_20260605_174455/logs_gpu/no_sharedbytes_gpu_im02_k5_b32x8_g19x50.log;;;;;;;;;
no_sharedbytes,gpu,im02,5x5,32x16,32,16,19,25,global,0.110544,0.003356,0.000059,0.013589,0.000009,0.000033,0.032599,cuda_shared_vs_global_results_20260605_161550_k25fixed_20260605_174455/logs_gpu/no_sharedbytes_gpu_im02_k5_b32x16_g19x25.log;;;;;;;;;
no_sharedbytes,gpu,im02,5x5,32x32,32,32,19,13,global,0.108087,0.003626,0.000074,0.013368,0.000016,0.000033,0.032499,cuda_shared_vs_global_results_32x32_20260606_000630/logs_gpu/no_sharedbytes_gpu_im02_k5_b32x32_g19x13.log;;;;;;;;;
no_sharedbytes,gpu,im02,25x25,8x8,8,8,75,50,global,0.113311,0.004163,0.000788,0.013902,0.000010,0.000111,0.036092,cuda_shared_vs_global_results_20260605_161550_k25fixed_20260605_174455/logs_gpu/no_sharedbytes_gpu_im02_k25_b8x8_g75x50.log;;;;;;;;;
no_sharedbytes,gpu,im02,25x25,16x16,16,16,38,25,global,0.116629,0.004066,0.000793,0.013589,0.000010,0.000111,0.036044,cuda_shared_vs_global_results_20260605_161550_k25fixed_20260605_174455/logs_gpu/no_sharedbytes_gpu_im02_k25_b16x16_g38x25.log;;;;;;;;;
no_sharedbytes,gpu,im02,25x25,32x8,32,8,19,50,global,0.113958,0.004130,0.000788,0.013754,0.000011,0.000108,0.036051,cuda_shared_vs_global_results_20260605_161550_k25fixed_20260605_174455/logs_gpu/no_sharedbytes_gpu_im02_k25_b32x8_g19x50.log;;;;;;;;;
no_sharedbytes,gpu,im02,25x25,32x16,32,16,19,25,global,0.115122,0.004359,0.000777,0.014611,0.000009,0.000109,0.036779,cuda_shared_vs_global_results_20260605_161550_k25fixed_20260605_174455/logs_gpu/no_sharedbytes_gpu_im02_k25_b32x16_g19x25.log;;;;;;;;;
no_sharedbytes,gpu,im02,25x25,32x32,32,32,19,13,global,0.116696,0.004120,0.000842,0.013691,0.000009,0.000111,0.035951,cuda_shared_vs_global_results_32x32_20260606_000630/logs_gpu/no_sharedbytes_gpu_im02_k25_b32x32_g19x13.log;;;;;;;;;
no_sharedbytes,gpu,im02,49x49,8x8,8,8,75,50,global,0.121777,0.007406,0.003900,0.013703,0.000010,0.000334,0.036065,cuda_shared_vs_global_results_20260605_161550_k25fixed_20260605_174455/logs_gpu/no_sharedbytes_gpu_im02_k49_b8x8_g75x50.log;;;;;;;;;
no_sharedbytes,gpu,im02,49x49,16x16,16,16,38,25,global,0.116325,0.007073,0.003570,0.013622,0.000011,0.000346,0.036161,cuda_shared_vs_global_results_20260605_161550_k25fixed_20260605_174455/logs_gpu/no_sharedbytes_gpu_im02_k49_b16x16_g38x25.log;;;;;;;;;
no_sharedbytes,gpu,im02,49x49,32x8,32,8,19,50,global,0.117966,0.007139,0.003633,0.013500,0.000010,0.000344,0.036376,cuda_shared_vs_global_results_20260605_161550_k25fixed_20260605_174455/logs_gpu/no_sharedbytes_gpu_im02_k49_b32x8_g19x50.log;;;;;;;;;
no_sharedbytes,gpu,im02,49x49,32x16,32,16,19,25,global,0.114847,0.006182,0.002828,0.013681,0.000009,0.000334,0.036114,cuda_shared_vs_global_results_20260605_161550_k25fixed_20260605_174455/logs_gpu/no_sharedbytes_gpu_im02_k49_b32x16_g19x25.log;;;;;;;;;
no_sharedbytes,gpu,im02,49x49,32x32,32,32,19,13,global,0.116050,0.006421,0.002922,0.013431,0.000010,0.000316,0.036035,cuda_shared_vs_global_results_32x32_20260606_000630/logs_gpu/no_sharedbytes_gpu_im02_k49_b32x32_g19x13.log;;;;;;;;;
no_sharedbytes,gpu,im02,99x99,8x8,8,8,75,50,global,0.139305,0.023682,0.020359,0.013659,0.000012,0.001190,0.037487,cuda_shared_vs_global_results_20260605_161550_k25fixed_20260605_174455/logs_gpu/no_sharedbytes_gpu_im02_k99_b8x8_g75x50.log;;;;;;;;;
no_sharedbytes,gpu,im02,99x99,16x16,16,16,38,25,global,0.134140,0.022951,0.019658,0.013698,0.000010,0.001225,0.037474,cuda_shared_vs_global_results_20260605_161550_k25fixed_20260605_174455/logs_gpu/no_sharedbytes_gpu_im02_k99_b16x16_g38x25.log;;;;;;;;;
no_sharedbytes,gpu,im02,99x99,32x8,32,8,19,50,global,0.138768,0.022560,0.019222,0.013636,0.000012,0.001240,0.037585,cuda_shared_vs_global_results_20260605_161550_k25fixed_20260605_174455/logs_gpu/no_sharedbytes_gpu_im02_k99_b32x8_g19x50.log;;;;;;;;;
no_sharedbytes,gpu,im02,99x99,32x16,32,16,19,25,global,0.134378,0.021765,0.018379,0.013941,0.000011,0.001268,0.037508,cuda_shared_vs_global_results_20260605_161550_k25fixed_20260605_174455/logs_gpu/no_sharedbytes_gpu_im02_k99_b32x16_g19x25.log;;;;;;;;;
no_sharedbytes,gpu,im02,99x99,32x32,32,32,19,13,global,0.128585,0.017000,0.013508,0.013461,0.000010,0.001230,0.037463,cuda_shared_vs_global_results_32x32_20260606_000630/logs_gpu/no_sharedbytes_gpu_im02_k99_b32x32_g19x13.log;;;;;;;;;
no_sharedbytes,gpu,im03,5x5,8x8,8,8,100,75,global,0.163962,0.006537,0.000110,0.030277,0.000011,0.000044,0.068045,cuda_shared_vs_global_results_20260605_161550_k25fixed_20260605_174455/logs_gpu/no_sharedbytes_gpu_im03_k5_b8x8_g100x75.log;;;;;;;;;
no_sharedbytes,gpu,im03,5x5,16x16,16,16,50,38,global,0.166865,0.006665,0.000100,0.030035,0.000011,0.000034,0.067754,cuda_shared_vs_global_results_20260605_161550_k25fixed_20260605_174455/logs_gpu/no_sharedbytes_gpu_im03_k5_b16x16_g50x38.log;;;;;;;;;
no_sharedbytes,gpu,im03,5x5,32x8,32,8,25,75,global,0.168735,0.006632,0.000098,0.030675,0.000010,0.000031,0.067684,cuda_shared_vs_global_results_20260605_161550_k25fixed_20260605_174455/logs_gpu/no_sharedbytes_gpu_im03_k5_b32x8_g25x75.log;;;;;;;;;
no_sharedbytes,gpu,im03,5x5,32x16,32,16,25,38,global,0.168116,0.006633,0.000105,0.030528,0.000012,0.000033,0.068079,cuda_shared_vs_global_results_20260605_161550_k25fixed_20260605_174455/logs_gpu/no_sharedbytes_gpu_im03_k5_b32x16_g25x38.log;;;;;;;;;
no_sharedbytes,gpu,im03,5x5,32x32,32,32,25,19,global,0.164842,0.006647,0.000113,0.030499,0.000010,0.000032,0.068131,cuda_shared_vs_global_results_32x32_20260606_000630/logs_gpu/no_sharedbytes_gpu_im03_k5_b32x32_g25x19.log;;;;;;;;;
no_sharedbytes,gpu,im03,25x25,8x8,8,8,100,75,global,0.176138,0.008020,0.001596,0.029818,0.000010,0.000111,0.074582,cuda_shared_vs_global_results_20260605_161550_k25fixed_20260605_174455/logs_gpu/no_sharedbytes_gpu_im03_k25_b8x8_g100x75.log;;;;;;;;;
no_sharedbytes,gpu,im03,25x25,16x16,16,16,50,38,global,0.173362,0.007964,0.001493,0.029980,0.000010,0.000110,0.074551,cuda_shared_vs_global_results_20260605_161550_k25fixed_20260605_174455/logs_gpu/no_sharedbytes_gpu_im03_k25_b16x16_g50x38.log;;;;;;;;;
no_sharedbytes,gpu,im03,25x25,32x8,32,8,25,75,global,0.176858,0.007951,0.001487,0.030457,0.000010,0.000110,0.074601,cuda_shared_vs_global_results_20260605_161550_k25fixed_20260605_174455/logs_gpu/no_sharedbytes_gpu_im03_k25_b32x8_g25x75.log;;;;;;;;;
no_sharedbytes,gpu,im03,25x25,32x16,32,16,25,38,global,0.173387,0.008058,0.001499,0.030359,0.000010,0.000109,0.074926,cuda_shared_vs_global_results_20260605_161550_k25fixed_20260605_174455/logs_gpu/no_sharedbytes_gpu_im03_k25_b32x16_g25x38.log;;;;;;;;;
no_sharedbytes,gpu,im03,25x25,32x32,32,32,25,19,global,0.176921,0.008059,0.001532,0.030256,0.000010,0.000113,0.074602,cuda_shared_vs_global_results_32x32_20260606_000630/logs_gpu/no_sharedbytes_gpu_im03_k25_b32x32_g25x19.log;;;;;;;;;
no_sharedbytes,gpu,im03,49x49,8x8,8,8,100,75,global,0.182965,0.014750,0.008308,0.030375,0.000011,0.000344,0.075449,cuda_shared_vs_global_results_20260605_161550_k25fixed_20260605_174455/logs_gpu/no_sharedbytes_gpu_im03_k49_b8x8_g100x75.log;;;;;;;;;
no_sharedbytes,gpu,im03,49x49,16x16,16,16,50,38,global,0.179321,0.014496,0.007989,0.030353,0.000013,0.000339,0.075638,cuda_shared_vs_global_results_20260605_161550_k25fixed_20260605_174455/logs_gpu/no_sharedbytes_gpu_im03_k49_b16x16_g50x38.log;;;;;;;;;
no_sharedbytes,gpu,im03,49x49,32x8,32,8,25,75,global,0.183364,0.014448,0.007925,0.030116,0.000013,0.000334,0.075657,cuda_shared_vs_global_results_20260605_161550_k25fixed_20260605_174455/logs_gpu/no_sharedbytes_gpu_im03_k49_b32x8_g25x75.log;;;;;;;;;
no_sharedbytes,gpu,im03,49x49,32x16,32,16,25,38,global,0.178090,0.012021,0.005541,0.029996,0.000018,0.000332,0.075567,cuda_shared_vs_global_results_20260605_161550_k25fixed_20260605_174455/logs_gpu/no_sharedbytes_gpu_im03_k49_b32x16_g25x38.log;;;;;;;;;
no_sharedbytes,gpu,im03,49x49,32x32,32,32,25,19,global,0.177901,0.012071,0.005536,0.030209,0.000013,0.000352,0.075588,cuda_shared_vs_global_results_32x32_20260606_000630/logs_gpu/no_sharedbytes_gpu_im03_k49_b32x32_g25x19.log;;;;;;;;;
no_sharedbytes,gpu,im03,99x99,8x8,8,8,100,75,global,0.210993,0.042431,0.036022,0.030456,0.000012,0.001264,0.075248,cuda_shared_vs_global_results_20260605_161550_k25fixed_20260605_174455/logs_gpu/no_sharedbytes_gpu_im03_k99_b8x8_g100x75.log;;;;;;;;;
no_sharedbytes,gpu,im03,99x99,16x16,16,16,50,38,global,0.205964,0.039938,0.033419,0.030490,0.000011,0.001300,0.075443,cuda_shared_vs_global_results_20260605_161550_k25fixed_20260605_174455/logs_gpu/no_sharedbytes_gpu_im03_k99_b16x16_g50x38.log;;;;;;;;;
no_sharedbytes,gpu,im03,99x99,32x8,32,8,25,75,global,0.205088,0.039250,0.032774,0.030395,0.000014,0.001197,0.075019,cuda_shared_vs_global_results_20260605_161550_k25fixed_20260605_174455/logs_gpu/no_sharedbytes_gpu_im03_k99_b32x8_g25x75.log;;;;;;;;;
no_sharedbytes,gpu,im03,99x99,32x16,32,16,25,38,global,0.211739,0.045650,0.039147,0.030031,0.000012,0.001230,0.075113,cuda_shared_vs_global_results_20260605_161550_k25fixed_20260605_174455/logs_gpu/no_sharedbytes_gpu_im03_k99_b32x16_g25x38.log;;;;;;;;;
no_sharedbytes,gpu,im03,99x99,32x32,32,32,25,19,global,0.199340,0.032929,0.026394,0.030540,0.000011,0.001274,0.074984,cuda_shared_vs_global_results_32x32_20260606_000630/logs_gpu/no_sharedbytes_gpu_im03_k99_b32x32_g25x19.log;;;;;;;;;
no_sharedbytes,gpu,im04,5x5,8x8,8,8,750,500,global,4.755028,0.189060,0.004262,1.260202,0.000013,0.000032,3.243600,cuda_shared_vs_global_results_20260605_161550_k25fixed_20260605_174455/logs_gpu/no_sharedbytes_gpu_im04_k5_b8x8_g750x500.log;;;;;;;;;
no_sharedbytes,gpu,im04,5x5,16x16,16,16,375,250,global,4.753604,0.186859,0.003968,1.265226,0.000013,0.000033,3.241589,cuda_shared_vs_global_results_20260605_161550_k25fixed_20260605_174455/logs_gpu/no_sharedbytes_gpu_im04_k5_b16x16_g375x250.log;;;;;;;;;
no_sharedbytes,gpu,im04,5x5,32x8,32,8,188,500,global,4.737510,0.184522,0.003975,1.250742,0.000012,0.000041,3.242215,cuda_shared_vs_global_results_20260605_161550_k25fixed_20260605_174455/logs_gpu/no_sharedbytes_gpu_im04_k5_b32x8_g188x500.log;;;;;;;;;
no_sharedbytes,gpu,im04,5x5,32x16,32,16,188,250,global,4.731547,0.182929,0.004027,1.248762,0.000011,0.000031,3.236644,cuda_shared_vs_global_results_20260605_161550_k25fixed_20260605_174455/logs_gpu/no_sharedbytes_gpu_im04_k5_b32x16_g188x250.log;;;;;;;;;
no_sharedbytes,gpu,im04,5x5,32x32,32,32,188,125,global,4.748700,0.184575,0.004745,1.260936,0.000013,0.000031,3.240159,cuda_shared_vs_global_results_32x32_20260606_000630/logs_gpu/no_sharedbytes_gpu_im04_k5_b32x32_g188x125.log;;;;;;;;;
no_sharedbytes,gpu,im04,25x25,8x8,8,8,750,500,global,5.116052,0.258145,0.075510,1.264692,0.000012,0.000110,3.528419,cuda_shared_vs_global_results_20260605_161550_k25fixed_20260605_174455/logs_gpu/no_sharedbytes_gpu_im04_k25_b8x8_g750x500.log;;;;;;;;;
no_sharedbytes,gpu,im04,25x25,16x16,16,16,375,250,global,5.102897,0.254950,0.071900,1.251719,0.000011,0.000110,3.533140,cuda_shared_vs_global_results_20260605_161550_k25fixed_20260605_174455/logs_gpu/no_sharedbytes_gpu_im04_k25_b16x16_g375x250.log;;;;;;;;;
no_sharedbytes,gpu,im04,25x25,32x8,32,8,188,500,global,5.087843,0.252453,0.072061,1.251073,0.000022,0.000121,3.524972,cuda_shared_vs_global_results_20260605_161550_k25fixed_20260605_174455/logs_gpu/no_sharedbytes_gpu_im04_k25_b32x8_g188x500.log;;;;;;;;;
no_sharedbytes,gpu,im04,25x25,32x16,32,16,188,250,global,5.086381,0.250752,0.071842,1.246715,0.000011,0.000113,3.525952,cuda_shared_vs_global_results_20260605_161550_k25fixed_20260605_174455/logs_gpu/no_sharedbytes_gpu_im04_k25_b32x16_g188x250.log;;;;;;;;;
no_sharedbytes,gpu,im04,25x25,32x32,32,32,188,125,global,5.112691,0.255259,0.074146,1.262472,0.000012,0.000109,3.530769,cuda_shared_vs_global_results_32x32_20260606_000630/logs_gpu/no_sharedbytes_gpu_im04_k25_b32x32_g188x125.log;;;;;;;;;
no_sharedbytes,gpu,im04,49x49,8x8,8,8,750,500,global,5.363312,0.609271,0.429654,1.249494,0.000011,0.000365,3.441235,cuda_shared_vs_global_results_20260605_161550_k25fixed_20260605_174455/logs_gpu/no_sharedbytes_gpu_im04_k49_b8x8_g750x500.log;;;;;;;;;
no_sharedbytes,gpu,im04,49x49,16x16,16,16,375,250,global,5.342736,0.594181,0.413959,1.248954,0.000012,0.000315,3.439148,cuda_shared_vs_global_results_20260605_161550_k25fixed_20260605_174455/logs_gpu/no_sharedbytes_gpu_im04_k49_b16x16_g375x250.log;;;;;;;;;
no_sharedbytes,gpu,im04,49x49,32x8,32,8,188,500,global,5.339149,0.586276,0.403683,1.252181,0.000012,0.000343,3.440572,cuda_shared_vs_global_results_20260605_161550_k25fixed_20260605_174455/logs_gpu/no_sharedbytes_gpu_im04_k49_b32x8_g188x500.log;;;;;;;;;
no_sharedbytes,gpu,im04,49x49,32x16,32,16,188,250,global,5.210834,0.446527,0.270165,1.261827,0.000011,0.000332,3.442080,cuda_shared_vs_global_results_20260605_161550_k25fixed_20260605_174455/logs_gpu/no_sharedbytes_gpu_im04_k49_b32x16_g188x250.log;;;;;;;;;
no_sharedbytes,gpu,im04,49x49,32x32,32,32,188,125,global,5.221847,0.454445,0.271042,1.263789,0.000016,0.000315,3.439770,cuda_shared_vs_global_results_32x32_20260606_000630/logs_gpu/no_sharedbytes_gpu_im04_k49_b32x32_g188x125.log;;;;;;;;;
no_sharedbytes,gpu,im04,99x99,8x8,8,8,750,500,global,7.159826,2.266477,2.086658,1.248360,0.000020,0.001240,3.581557,cuda_shared_vs_global_results_20260605_161550_k25fixed_20260605_174455/logs_gpu/no_sharedbytes_gpu_im04_k99_b8x8_g750x500.log;;;;;;;;;
no_sharedbytes,gpu,im04,99x99,16x16,16,16,375,250,global,7.146401,2.252970,2.073513,1.248826,0.000013,0.001209,3.584376,cuda_shared_vs_global_results_20260605_161550_k25fixed_20260605_174455/logs_gpu/no_sharedbytes_gpu_im04_k99_b16x16_g375x250.log;;;;;;;;;
no_sharedbytes,gpu,im04,99x99,32x8,32,8,188,500,global,7.144019,2.244762,2.065677,1.250963,0.000012,0.001237,3.587796,cuda_shared_vs_global_results_20260605_161550_k25fixed_20260605_174455/logs_gpu/no_sharedbytes_gpu_im04_k99_b32x8_g188x500.log;;;;;;;;;
no_sharedbytes,gpu,im04,99x99,32x16,32,16,188,250,global,7.178858,2.286318,2.106671,1.248786,0.000012,0.001237,3.583357,cuda_shared_vs_global_results_20260605_161550_k25fixed_20260605_174455/logs_gpu/no_sharedbytes_gpu_im04_k99_b32x16_g188x250.log;;;;;;;;;
no_sharedbytes,gpu,im04,99x99,32x32,32,32,188,125,global,6.259111,1.363551,1.183418,1.249354,0.000013,0.001263,3.585936,cuda_shared_vs_global_results_32x32_20260606_000630/logs_gpu/no_sharedbytes_gpu_im04_k99_b32x32_g188x125.log;;;;;;;;;
no_sharedbytes,gpu,im05,5x5,8x8,8,8,1500,1000,global,18.710368,0.710405,0.017029,4.988010,0.000012,0.000033,12.952808,cuda_shared_vs_global_results_20260605_161550_k25fixed_20260605_174455/logs_gpu/no_sharedbytes_gpu_im05_k5_b8x8_g1500x1000.log;;;;;;;;;
no_sharedbytes,gpu,im05,5x5,16x16,16,16,750,500,global,18.781490,0.717403,0.015622,5.042629,0.000013,0.000040,12.962221,cuda_shared_vs_global_results_20260605_161550_k25fixed_20260605_174455/logs_gpu/no_sharedbytes_gpu_im05_k5_b16x16_g750x500.log;;;;;;;;;
no_sharedbytes,gpu,im05,5x5,32x8,32,8,375,1000,global,18.779512,0.715564,0.015624,5.046628,0.000012,0.000034,12.957792,cuda_shared_vs_global_results_20260605_161550_k25fixed_20260605_174455/logs_gpu/no_sharedbytes_gpu_im05_k5_b32x8_g375x1000.log;;;;;;;;;
no_sharedbytes,gpu,im05,5x5,32x16,32,16,375,500,global,18.719241,0.709895,0.015838,4.992914,0.000012,0.000032,12.953203,cuda_shared_vs_global_results_20260605_161550_k25fixed_20260605_174455/logs_gpu/no_sharedbytes_gpu_im05_k5_b32x16_g375x500.log;;;;;;;;;
no_sharedbytes,gpu,im05,5x5,32x32,32,32,375,250,global,18.836639,0.721138,0.019007,5.062840,0.000012,0.000032,12.989818,cuda_shared_vs_global_results_32x32_20260606_000630/logs_gpu/no_sharedbytes_gpu_im05_k5_b32x32_g375x250.log;;;;;;;;;
no_sharedbytes,gpu,im05,25x25,8x8,8,8,1500,1000,global,20.245416,1.007500,0.316515,5.043757,0.000012,0.000120,14.131465,cuda_shared_vs_global_results_20260605_161550_k25fixed_20260605_174455/logs_gpu/no_sharedbytes_gpu_im05_k25_b8x8_g1500x1000.log;;;;;;;;;
no_sharedbytes,gpu,im05,25x25,16x16,16,16,750,500,global,20.170702,0.978167,0.290868,5.035439,0.000012,0.000108,14.098512,cuda_shared_vs_global_results_20260605_161550_k25fixed_20260605_174455/logs_gpu/no_sharedbytes_gpu_im05_k25_b16x16_g750x500.log;;;;;;;;;
no_sharedbytes,gpu,im05,25x25,32x8,32,8,375,1000,global,20.209342,0.998907,0.291809,5.054797,0.000013,0.000110,14.091645,cuda_shared_vs_global_results_20260605_161550_k25fixed_20260605_174455/logs_gpu/no_sharedbytes_gpu_im05_k25_b32x8_g375x1000.log;;;;;;;;;
no_sharedbytes,gpu,im05,25x25,32x16,32,16,375,500,global,20.149127,0.997155,0.288100,4.997869,0.000012,0.000103,14.094300,cuda_shared_vs_global_results_20260605_161550_k25fixed_20260605_174455/logs_gpu/no_sharedbytes_gpu_im05_k25_b32x16_g375x500.log;;;;;;;;;
no_sharedbytes,gpu,im05,25x25,32x32,32,32,375,250,global,20.230392,0.991588,0.302296,5.066386,0.000019,0.000132,14.113065,cuda_shared_vs_global_results_32x32_20260606_000630/logs_gpu/no_sharedbytes_gpu_im05_k25_b32x32_g375x250.log;;;;;;;;;
no_sharedbytes,gpu,im05,49x49,8x8,8,8,1500,1000,global,21.134170,2.364204,1.668703,4.992056,0.000013,0.000344,13.718490,cuda_shared_vs_global_results_20260605_161550_k25fixed_20260605_174455/logs_gpu/no_sharedbytes_gpu_im05_k49_b8x8_g1500x1000.log;;;;;;;;;
no_sharedbytes,gpu,im05,49x49,16x16,16,16,750,500,global,21.167341,2.352446,1.658729,5.034034,0.000012,0.000316,13.717625,cuda_shared_vs_global_results_20260605_161550_k25fixed_20260605_174455/logs_gpu/no_sharedbytes_gpu_im05_k49_b16x16_g750x500.log;;;;;;;;;
no_sharedbytes,gpu,im05,49x49,32x8,32,8,375,1000,global,21.164324,2.319724,1.616301,5.049283,0.000014,0.000333,13.731978,cuda_shared_vs_global_results_20260605_161550_k25fixed_20260605_174455/logs_gpu/no_sharedbytes_gpu_im05_k49_b32x8_g375x1000.log;;;;;;;;;
no_sharedbytes,gpu,im05,49x49,32x16,32,16,375,500,global,20.586201,1.788278,1.093391,5.042901,0.000016,0.000348,13.693198,cuda_shared_vs_global_results_20260605_161550_k25fixed_20260605_174455/logs_gpu/no_sharedbytes_gpu_im05_k49_b32x16_g375x500.log;;;;;;;;;
no_sharedbytes,gpu,im05,49x49,32x32,32,32,375,250,global,20.802186,1.985904,1.280555,5.003429,0.000016,0.000337,13.751889,cuda_shared_vs_global_results_32x32_20260606_000630/logs_gpu/no_sharedbytes_gpu_im05_k49_b32x32_g375x250.log;;;;;;;;;
no_sharedbytes,gpu,im05,99x99,8x8,8,8,1500,1000,global,28.542860,9.199070,8.492936,5.001029,0.000013,0.001252,14.281618,cuda_shared_vs_global_results_20260605_161550_k25fixed_20260605_174455/logs_gpu/no_sharedbytes_gpu_im05_k99_b8x8_g1500x1000.log;;;;;;;;;
no_sharedbytes,gpu,im05,99x99,16x16,16,16,750,500,global,28.386074,9.025272,8.317389,5.000097,0.000013,0.001258,14.299655,cuda_shared_vs_global_results_20260605_161550_k25fixed_20260605_174455/logs_gpu/no_sharedbytes_gpu_im05_k99_b16x16_g750x500.log;;;;;;;;;
no_sharedbytes,gpu,im05,99x99,32x8,32,8,375,1000,global,28.299826,8.977421,8.282467,4.992666,0.000013,0.001259,14.265480,cuda_shared_vs_global_results_20260605_161550_k25fixed_20260605_174455/logs_gpu/no_sharedbytes_gpu_im05_k99_b32x8_g375x1000.log;;;;;;;;;
no_sharedbytes,gpu,im05,99x99,32x16,32,16,375,500,global,28.343224,9.021565,8.330156,4.985999,0.000013,0.001256,14.275006,cuda_shared_vs_global_results_20260605_161550_k25fixed_20260605_174455/logs_gpu/no_sharedbytes_gpu_im05_k99_b32x16_g375x500.log;;;;;;;;;
no_sharedbytes,gpu,im05,99x99,32x32,32,32,375,250,global,24.552757,5.226561,4.538487,4.982819,0.000013,0.001296,14.286412,cuda_shared_vs_global_results_32x32_20260606_000630/logs_gpu/no_sharedbytes_gpu_im05_k99_b32x32_g375x250.log;;;;;;;;;
